Date,Accel_X,Accel_Y,Accel_Z,Gyro_X,Gyro_Y,Gyro_Z,,,,,,,,,,,,,,,,,,,
1:04:43 AM,16604,-684.000000,-2304.00,-69,76.000000,-82,,,,,,,,,,,,,,,,,,,
1:04:44 AM,16736,-760.000000,-2292.00,-42,156.000000,-75,,,,,,,,,,,,,,,,,,,
1:04:45 AM,16716,-768.000000,-2324.00,-99,93.000000,-82,,,,,,,,,,,,,,,,,,,
1:04:46 AM,16604,-724.000000,-2300.00,-49,86.000000,-71,,,,,,,,,,,,,,,,,,,
1:04:47 AM,16652,-800.000000,-2240.00,-45,87.000000,-58,,,,,,,,,,,,,,,,,,,
1:04:48 AM,16760,-860.000000,-2312.00,-60,69.000000,-77,,,,,,,,,,,,,,,,,,,
1:04:49 AM,16648,-768.000000,-2316.00,-94,172.000000,-85,,,,,,,,,,,,,,,,,,,
1:04:50 AM,16748,-740.000000,-2276.00,-45,173.000000,-78,,,,,,,,,,,,,,,,,,,
1:04:51 AM,16564,-740.000000,-2408.00,-51,76.000000,-94,,,,,,,,,,,,,,,,,,,
1:04:52 AM,16696,-780.000000,-2216.00,-71,50.000000,-93,,,,,,,,,,,,,,,,,,,
1:04:53 AM,16724,-672.000000,-2272.00,-64,25.000000,-105,,,,,,,,,,,,,,,,,,,
1:04:54 AM,16676,-676.000000,-2312.00,-46,116.000000,-78,,,,,,,,,,,,,,,,,,,
1:04:55 AM,16664,-776.000000,-2168.00,-65,186.000000,-93,,,,,,,,,,,,,,,,,,,
1:04:56 AM,16640,-736.000000,-2128.00,-106,116.000000,-94,,,,,,,,,,,,,,,,,,,
1:04:57 AM,16800,-828.000000,-2300.00,-69,59.000000,-95,,,,,,,,,,,,,,,,,,,
1:04:58 AM,16692,-784.000000,-2200.00,-93,92.000000,-91,,,,,,,,,,,,,,,,,,,
1:04:59 AM,16684,-756.000000,-2268.00,-53,194.000000,-85,,,,,,,,,,,,,,,,,,,
1:05:00 AM,16616,-780.000000,-2356.00,-65,193.000000,-59,,,,,,,,,,,,,,,,,,,
1:05:01 AM,16632,-780.000000,-2300.00,-64,69.000000,-77,,,,,,,,,,,,,,,,,,,
1:05:02 AM,16780,-732.000000,-2240.00,-34,148.000000,-57,,,,,,,,,,,,,,,,,,,
1:05:03 AM,16620,-724.000000,-2188.00,-48,100.000000,-78,,,,,,,,,,,,,,,,,,,
1:05:04 AM,16708,-700.000000,-2284.00,-56,60.000000,-90,,,,,,,,,,,,,,,,,,,
1:05:05 AM,16628,-728.000000,-2288.00,-98,170.000000,-80,,,,,,,,,,,,,,,,,,,
1:05:06 AM,16748,-680.000000,-2296.00,-35,152.000000,-88,,,,,,,,,,,,,,,,,,,
1:05:07 AM,16712,-684.000000,-2176.00,-85,149.000000,-115,,,,,,,,,,,,,,,,,,,
1:05:08 AM,16700,-736.000000,-2360.00,-68,64.000000,-99,,,,,,,,,,,,,,,,,,,
1:05:09 AM,16756,-744.000000,-2216.00,-64,65.000000,-89,,,,,,,,,,,,,,,,,,,
1:05:10 AM,16628,-724.000000,-2124.00,-67,208.000000,-92,,,,,,,,,,,,,,,,,,,
1:05:11 AM,16668,-736.000000,-2176.00,-55,198.000000,-127,,,,,,,,,,,,,,,,,,,
1:05:12 AM,16744,-716.000000,-2188.00,-38,157.000000,-57,,,,,,,,,,,,,,,,,,,
1:05:13 AM,16724,-776.000000,-2180.00,-42,123.000000,-93,,,,,,,,,,,,,,,,,,,
1:05:14 AM,16708,-716.000000,-2104.00,-55,68.000000,-87,,,,,,,,,,,,,,,,,,,
1:05:15 AM,16772,-748.000000,-2276.00,-49,84.000000,-87,,,,,,,,,,,,,,,,,,,
1:05:16 AM,16700,-740.000000,-2336.00,-44,165.000000,-85,,,,,,,,,,,,,,,,,,,
1:05:17 AM,16688,-696.000000,-2372.00,-54,199.000000,-85,,,,,,,,,,,,,,,,,,,
1:05:18 AM,16764,-736.000000,-2400.00,-52,80.000000,-68,,,,,,,,,,,,,,,,,,,
1:05:19 AM,16568,-612.000000,-2336.00,-60,64.000000,-86,,,,,,,,,,,,,,,,,,,
1:05:20 AM,16592,-740.000000,-2328.00,-64,110.000000,-103,,,,,,,,,,,,,,,,,,,
1:05:21 AM,16648,-744.000000,-2268.00,-75,187.000000,-83,,,,,,,,,,,,,,,,,,,
1:05:22 AM,16708,-868.000000,-2376.00,-51,76.000000,-85,,,,,,,,,,,,,,,,,,,
1:05:23 AM,16648,-704.000000,-2224.00,-46,159.000000,-80,,,,,,,,,,,,,,,,,,,
1:05:24 AM,16632,-800.000000,-2304.00,-30,86.000000,-107,,,,,,,,,,,,,,,,,,,
1:05:25 AM,16780,-688.000000,-2260.00,-84,73.000000,-110,,,,,,,,,,,,,,,,,,,
1:05:26 AM,16528,-656.000000,-2284.00,-86,85.000000,-82,,,,,,,,,,,,,,,,,,,
1:05:27 AM,16764,-728.000000,-2232.00,-55,58.000000,-68,,,,,,,,,,,,,,,,,,,
1:05:28 AM,16792,-656.000000,-2208.00,-70,81.000000,-115,,,,,,,,,,,,,,,,,,,
1:05:29 AM,16788,-776.000000,-2240.00,-57,53.000000,-103,,,,,,,,,,,,,,,,,,,
1:05:30 AM,16680,-728.000000,-2196.00,-78,190.000000,-75,,,,,,,,,,,,,,,,,,,
1:05:31 AM,16616,-768.000000,-2268.00,-97,132.000000,-101,,,,,,,,,,,,,,,,,,,
1:05:32 AM,16636,-732.000000,-2180.00,-35,90.000000,-72,,,,,,,,,,,,,,,,,,,
1:05:33 AM,16732,-796.000000,-2176.00,-74,84.000000,-115,,,,,,,,,,,,,,,,,,,
1:05:35 AM,16696,-828.000000,-2040.00,-28,169.000000,-122,,,,,,,,,,,,,,,,,,,
1:05:36 AM,16744,-676.000000,-2380.00,-86,126.000000,-81,,,,,,,,,,,,,,,,,,,
1:05:37 AM,16652,-724.000000,-2284.00,-23,131.000000,-69,,,,,,,,,,,,,,,,,,,
1:05:38 AM,16740,-688.000000,-2180.00,-58,82.000000,-72,,,,,,,,,,,,,,,,,,,
1:05:39 AM,16652,-824.000000,-2172.00,-32,146.000000,-69,,,,,,,,,,,,,,,,,,,
1:05:40 AM,16708,-768.000000,-2248.00,-82,134.000000,-94,,,,,,,,,,,,,,,,,,,
1:05:41 AM,16692,-736.000000,-2132.00,-32,190.000000,-98,,,,,,,,,,,,,,,,,,,
1:05:42 AM,16720,-732.000000,-2232.00,-59,78.000000,-104,,,,,,,,,,,,,,,,,,,
1:05:43 AM,16700,-748.000000,-2244.00,-67,164.000000,-93,,,,,,,,,,,,,,,,,,,
1:05:44 AM,16664,-828.000000,-2296.00,-28,109.000000,-91,,,,,,,,,,,,,,,,,,,
1:05:45 AM,16740,-700.000000,-2192.00,-41,100.000000,-61,,,,,,,,,,,,,,,,,,,
1:05:46 AM,16588,-684.000000,-2268.00,-48,62.000000,-73,,,,,,,,,,,,,,,,,,,
1:05:47 AM,16728,-672.000000,-2168.00,-65,78.000000,-103,,,,,,,,,,,,,,,,,,,
1:05:48 AM,16700,-644.000000,-2260.00,-79,181.000000,-92,,,,,,,,,,,,,,,,,,,
1:05:49 AM,16588,-744.000000,-2320.00,-42,154.000000,-77,,,,,,,,,,,,,,,,,,,
1:05:50 AM,16588,-824.000000,-2184.00,-32,135.000000,-89,,,,,,,,,,,,,,,,,,,
1:05:51 AM,16728,-768.000000,-2140.00,-21,111.000000,-67,,,,,,,,,,,,,,,,,,,
1:05:52 AM,16756,-768.000000,-2064.00,-37,166.000000,-97,,,,,,,,,,,,,,,,,,,
1:05:53 AM,16640,-744.000000,-2076.00,-51,181.000000,-86,,,,,,,,,,,,,,,,,,,
1:05:54 AM,16768,-648.000000,-2196.00,-37,117.000000,-84,,,,,,,,,,,,,,,,,,,
1:05:55 AM,16708,-724.000000,-2156.00,-95,80.000000,-94,,,,,,,,,,,,,,,,,,,
1:05:56 AM,16712,-720.000000,-2044.00,-63,56.000000,-113,,,,,,,,,,,,,,,,,,,
1:05:57 AM,16672,-828.000000,-2224.00,-39,129.000000,-96,,,,,,,,,,,,,,,,,,,
1:05:58 AM,16676,-756.000000,-2068.00,-86,89.000000,-87,,,,,,,,,,,,,,,,,,,
1:05:59 AM,16724,-676.000000,-2088.00,-48,78.000000,-88,,,,,,,,,,,,,,,,,,,
1:06:00 AM,16620,-780.000000,-2188.00,-86,155.000000,-87,,,,,,,,,,,,,,,,,,,
1:06:01 AM,16664,-768.000000,-2120.00,-87,127.000000,-78,,,,,,,,,,,,,,,,,,,
1:06:02 AM,16660,-732.000000,-2212.00,-45,200.000000,-73,,,,,,,,,,,,,,,,,,,
1:06:03 AM,16696,-736.000000,-2176.00,-43,34.000000,-96,,,,,,,,,,,,,,,,,,,
1:06:04 AM,16732,-840.000000,-2364.00,-60,54.000000,-92,,,,,,,,,,,,,,,,,,,
1:06:05 AM,16648,-692.000000,-2072.00,-32,107.000000,-91,,,,,,,,,,,,,,,,,,,
1:06:06 AM,16736,-688.000000,-2072.00,-74,168.000000,-56,,,,,,,,,,,,,,,,,,,
1:06:07 AM,16616,-756.000000,-2152.00,-36,108.000000,-71,,,,,,,,,,,,,,,,,,,
1:06:08 AM,16672,-672.000000,-2172.00,-82,118.000000,-78,,,,,,,,,,,,,,,,,,,
1:06:09 AM,16744,-796.000000,-2060.00,-43,177.000000,-77,,,,,,,,,,,,,,,,,,,
1:06:10 AM,16644,-808.000000,-2240.00,-67,61.000000,-101,,,,,,,,,,,,,,,,,,,
1:06:11 AM,16720,-708.000000,-2136.00,-81,127.000000,-87,,,,,,,,,,,,,,,,,,,
1:06:12 AM,16596,-780.000000,-2044.00,-78,186.000000,-95,,,,,,,,,,,,,,,,,,,
1:06:13 AM,16684,-788.000000,-2212.00,-51,65.000000,-104,,,,,,,,,,,,,,,,,,,
1:06:14 AM,16716,-764.000000,-2248.00,-76,114.000000,-92,,,,,,,,,,,,,,,,,,,
1:06:15 AM,16656,-784.000000,-2088.00,-45,159.000000,-90,,,,,,,,,,,,,,,,,,,
1:06:16 AM,16744,-744.000000,-2108.00,-80,106.000000,-100,,,,,,,,,,,,,,,,,,,
1:06:17 AM,16796,-728.000000,-2260.00,-33,119.000000,-88,,,,,,,,,,,,,,,,,,,
1:06:18 AM,16708,-748.000000,-2028.00,-74,113.000000,-112,,,,,,,,,,,,,,,,,,,
1:06:19 AM,16660,-768.000000,-2216.00,-30,110.000000,-81,,,,,,,,,,,,,,,,,,,
1:06:20 AM,16728,-736.000000,-2084.00,-55,187.000000,-81,,,,,,,,,,,,,,,,,,,
1:06:21 AM,16656,-780.000000,-2064.00,-70,68.000000,-98,,,,,,,,,,,,,,,,,,,
1:06:22 AM,16644,-676.000000,-2060.00,-81,118.000000,-101,,,,,,,,,,,,,,,,,,,
1:06:23 AM,16728,-716.000000,-2140.00,-74,114.000000,-93,,,,,,,,,,,,,,,,,,,
1:06:24 AM,16612,-680.000000,-2104.00,-74,39.000000,-73,,,,,,,,,,,,,,,,,,,
1:06:25 AM,16640,-804.000000,-2188.00,-41,149.000000,-59,,,,,,,,,,,,,,,,,,,
1:06:26 AM,16668,-784.000000,-2024.00,-66,45.000000,-102,,,,,,,,,,,,,,,,,,,
1:06:27 AM,16740,-796.000000,-2128.00,-92,88.000000,-95,,,,,,,,,,,,,,,,,,,
1:06:28 AM,16720,-780.000000,-2216.00,-57,52.000000,-86,,,,,,,,,,,,,,,,,,,
1:06:29 AM,16652,-716.000000,-2112.00,-78,153.000000,-89,,,,,,,,,,,,,,,,,,,
1:06:30 AM,16644,-696.000000,-2140.00,-82,83.000000,-116,,,,,,,,,,,,,,,,,,,
1:06:31 AM,16720,-684.000000,-2252.00,-50,68.000000,-74,,,,,,,,,,,,,,,,,,,
1:06:32 AM,16656,-668.000000,-1924.00,-19,171.000000,-86,,,,,,,,,,,,,,,,,,,
1:06:33 AM,16700,-816.000000,-2096.00,-55,163.000000,-74,,,,,,,,,,,,,,,,,,,
1:06:34 AM,16728,-740.000000,-2124.00,-86,78.000000,-86,,,,,,,,,,,,,,,,,,,
1:06:35 AM,16720,-812.000000,-2228.00,-37,123.000000,-74,,,,,,,,,,,,,,,,,,,
1:06:36 AM,16704,-768.000000,-2184.00,-75,191.000000,-59,,,,,,,,,,,,,,,,,,,
1:06:37 AM,16684,-688.000000,-2116.00,-80,170.000000,-104,,,,,,,,,,,,,,,,,,,
1:06:38 AM,16644,-764.000000,-2120.00,-54,199.000000,-65,,,,,,,,,,,,,,,,,,,
1:06:39 AM,16748,-684.000000,-2200.00,-100,181.000000,-101,,,,,,,,,,,,,,,,,,,
1:06:40 AM,16592,-764.000000,-2252.00,-39,82.000000,-107,,,,,,,,,,,,,,,,,,,
1:06:41 AM,16720,-620.000000,-2064.00,-41,178.000000,-88,,,,,,,,,,,,,,,,,,,
1:06:42 AM,16724,-768.000000,-2136.00,-51,77.000000,-81,,,,,,,,,,,,,,,,,,,
1:06:43 AM,16708,-700.000000,-2108.00,-33,147.000000,-42,,,,,,,,,,,,,,,,,,,
1:06:44 AM,16632,-664.000000,-2000.00,-88,187.000000,-79,,,,,,,,,,,,,,,,,,,
1:06:45 AM,16820,-772.000000,-2180.00,-46,90.000000,-102,,,,,,,,,,,,,,,,,,,
1:06:46 AM,16788,-680.000000,-2040.00,-77,199.000000,-90,,,,,,,,,,,,,,,,,,,
1:06:47 AM,16812,-744.000000,-2188.00,-72,89.000000,-88,,,,,,,,,,,,,,,,,,,
1:06:48 AM,16752,-692.000000,-2056.00,-61,196.000000,-87,,,,,,,,,,,,,,,,,,,
1:06:49 AM,16644,-708.000000,-2120.00,-74,88.000000,-105,,,,,,,,,,,,,,,,,,,
1:06:50 AM,16656,-764.000000,-2152.00,-46,57.000000,-94,,,,,,,,,,,,,,,,,,,
1:06:51 AM,16632,-740.000000,-2132.00,-52,83.000000,-77,,,,,,,,,,,,,,,,,,,
1:06:52 AM,16680,-744.000000,-2156.00,-59,196.000000,-95,,,,,,,,,,,,,,,,,,,
1:06:53 AM,16816,-696.000000,-2020.00,-25,143.000000,-71,,,,,,,,,,,,,,,,,,,
1:06:54 AM,16632,-688.000000,-2004.00,-58,63.000000,-115,,,,,,,,,,,,,,,,,,,
1:06:55 AM,16612,-708.000000,-2144.00,-64,65.000000,-99,,,,,,,,,,,,,,,,,,,
1:06:56 AM,16732,-716.000000,-2128.00,-62,52.000000,-99,,,,,,,,,,,,,,,,,,,
1:06:57 AM,16788,-668.000000,-2164.00,-65,66.000000,-84,,,,,,,,,,,,,,,,,,,
1:06:58 AM,16804,-700.000000,-2220.00,-56,88.000000,-75,,,,,,,,,,,,,,,,,,,
1:06:59 AM,16708,-656.000000,-2092.00,-42,70.000000,-78,,,,,,,,,,,,,,,,,,,
1:07:00 AM,16632,-808.000000,-2084.00,-19,113.000000,-68,,,,,,,,,,,,,,,,,,,
1:07:01 AM,16692,-748.000000,-2112.00,-77,171.000000,-95,,,,,,,,,,,,,,,,,,,
1:07:02 AM,16668,-712.000000,-2144.00,-33,124.000000,-79,,,,,,,,,,,,,,,,,,,
1:07:03 AM,16688,-784.000000,-2228.00,-52,69.000000,-58,,,,,,,,,,,,,,,,,,,
1:07:04 AM,16696,-696.000000,-2144.00,-75,76.000000,-109,,,,,,,,,,,,,,,,,,,
1:07:05 AM,16760,-792.000000,-2000.00,-39,141.000000,-93,,,,,,,,,,,,,,,,,,,
1:07:06 AM,16708,-720.000000,-2060.00,-39,115.000000,-75,,,,,,,,,,,,,,,,,,,
1:07:07 AM,16644,-688.000000,-2140.00,-70,165.000000,-90,,,,,,,,,,,,,,,,,,,
1:07:08 AM,16608,-708.000000,-2032.00,-71,134.000000,-86,,,,,,,,,,,,,,,,,,,
1:07:09 AM,16740,-800.000000,-2292.00,-67,45.000000,-78,,,,,,,,,,,,,,,,,,,
1:07:10 AM,16700,-744.000000,-2156.00,-26,163.000000,-87,,,,,,,,,,,,,,,,,,,
1:07:11 AM,16720,-732.000000,-2172.00,-83,164.000000,-61,,,,,,,,,,,,,,,,,,,
1:07:12 AM,16720,-684.000000,-2064.00,-17,104.000000,-76,,,,,,,,,,,,,,,,,,,
1:07:13 AM,16696,-736.000000,-1952.00,-58,69.000000,-71,,,,,,,,,,,,,,,,,,,
1:07:14 AM,16668,-860.000000,-2028.00,-35,181.000000,-95,,,,,,,,,,,,,,,,,,,
1:07:15 AM,16644,-728.000000,-2120.00,-52,64.000000,-87,,,,,,,,,,,,,,,,,,,
1:07:16 AM,16772,-668.000000,-1988.00,-48,41.000000,-100,,,,,,,,,,,,,,,,,,,
1:07:17 AM,16700,-672.000000,-2032.00,-69,47.000000,-89,,,,,,,,,,,,,,,,,,,
1:07:18 AM,16724,-720.000000,-1964.00,-37,107.000000,-85,,,,,,,,,,,,,,,,,,,
1:07:19 AM,16616,-696.000000,-2168.00,-68,147.000000,-94,,,,,,,,,,,,,,,,,,,
1:07:20 AM,16796,-640.000000,-2164.00,-49,70.000000,-92,,,,,,,,,,,,,,,,,,,
1:07:21 AM,16604,-792.000000,-2132.00,-90,165.000000,-94,,,,,,,,,,,,,,,,,,,
1:07:22 AM,16676,-728.000000,-2208.00,-33,170.000000,-83,,,,,,,,,,,,,,,,,,,
1:07:23 AM,16660,-664.000000,-2080.00,-30,116.000000,-84,,,,,,,,,,,,,,,,,,,
1:07:24 AM,16708,-800.000000,-2196.00,-79,106.000000,-98,,,,,,,,,,,,,,,,,,,
1:07:25 AM,16652,-696.000000,-2020.00,-74,49.000000,-95,,,,,,,,,,,,,,,,,,,
1:07:26 AM,16696,-784.000000,-2132.00,-61,162.000000,-99,,,,,,,,,,,,,,,,,,,
1:07:27 AM,16708,-708.000000,-2180.00,-63,44.000000,-92,,,,,,,,,,,,,,,,,,,
1:07:28 AM,16676,-728.000000,-2224.00,-57,39.000000,-86,,,,,,,,,,,,,,,,,,,
1:07:29 AM,16660,-696.000000,-2008.00,-97,131.000000,-97,,,,,,,,,,,,,,,,,,,
1:07:30 AM,16792,-700.000000,-2144.00,-68,64.000000,-107,,,,,,,,,,,,,,,,,,,
1:07:31 AM,16624,-672.000000,-2156.00,-44,178.000000,-91,,,,,,,,,,,,,,,,,,,
1:07:32 AM,16608,-680.000000,-2040.00,-69,79.000000,-95,,,,,,,,,,,,,,,,,,,
1:07:33 AM,16632,-840.000000,-2076.00,-76,106.000000,-75,,,,,,,,,,,,,,,,,,,
1:07:34 AM,16720,-748.000000,-2152.00,-17,130.000000,-79,,,,,,,,,,,,,,,,,,,
1:07:35 AM,16684,-724.000000,-2056.00,-39,167.000000,-70,,,,,,,,,,,,,,,,,,,
1:07:36 AM,16624,-832.000000,-2060.00,-87,171.000000,-73,,,,,,,,,,,,,,,,,,,
1:07:37 AM,16648,-736.000000,-2060.00,-66,158.000000,-96,,,,,,,,,,,,,,,,,,,
1:07:38 AM,16676,-712.000000,-2176.00,-61,48.000000,-102,,,,,,,,,,,,,,,,,,,
1:07:39 AM,16576,-752.000000,-2140.00,-74,122.000000,-101,,,,,,,,,,,,,,,,,,,
1:07:40 AM,16744,-764.000000,-2020.00,-76,55.000000,-110,,,,,,,,,,,,,,,,,,,
1:07:41 AM,16712,-664.000000,-2076.00,-78,86.000000,-101,,,,,,,,,,,,,,,,,,,
1:07:42 AM,16708,-632.000000,-2084.00,-36,87.000000,-96,,,,,,,,,,,,,,,,,,,
1:07:43 AM,16720,-768.000000,-2044.00,-39,149.000000,-72,,,,,,,,,,,,,,,,,,,
1:07:44 AM,16528,-816.000000,-2080.00,-64,32.000000,-83,,,,,,,,,,,,,,,,,,,
1:07:45 AM,16776,-776.000000,-2092.00,-79,133.000000,-116,,,,,,,,,,,,,,,,,,,
1:07:46 AM,16652,-704.000000,-1984.00,-79,164.000000,-83,,,,,,,,,,,,,,,,,,,
1:07:47 AM,16652,-768.000000,-2076.00,-44,127.000000,-104,,,,,,,,,,,,,,,,,,,
1:07:48 AM,16692,-704.000000,-2120.00,-105,118.000000,-88,,,,,,,,,,,,,,,,,,,
1:07:49 AM,16652,-680.000000,-1988.00,-62,97.000000,-109,,,,,,,,,,,,,,,,,,,
1:07:50 AM,16684,-676.000000,-2124.00,-30,158.000000,-102,,,,,,,,,,,,,,,,,,,
1:07:51 AM,16664,-708.000000,-2060.00,-27,90.000000,-76,,,,,,,,,,,,,,,,,,,
1:07:52 AM,16652,-664.000000,-2044.00,-82,117.000000,-109,,,,,,,,,,,,,,,,,,,
1:07:53 AM,16620,-768.000000,-2140.00,-72,59.000000,-93,,,,,,,,,,,,,,,,,,,
1:07:54 AM,16676,-648.000000,-1992.00,-38,143.000000,-99,,,,,,,,,,,,,,,,,,,
1:07:55 AM,16676,-720.000000,-2068.00,-33,59.000000,-62,,,,,,,,,,,,,,,,,,,
1:07:56 AM,16668,-820.000000,-2084.00,-68,44.000000,-89,,,,,,,,,,,,,,,,,,,
1:07:57 AM,16672,-736.000000,-2052.00,-27,125.000000,-61,,,,,,,,,,,,,,,,,,,
1:07:58 AM,16648,-752.000000,-2004.00,-76,71.000000,-90,,,,,,,,,,,,,,,,,,,
1:07:59 AM,16660,-720.000000,-2108.00,-51,81.000000,-80,,,,,,,,,,,,,,,,,,,
1:08:00 AM,16624,-812.000000,-2024.00,-104,112.000000,-69,,,,,,,,,,,,,,,,,,,
1:08:01 AM,16652,-656.000000,-2008.00,-84,72.000000,-127,,,,,,,,,,,,,,,,,,,
1:08:02 AM,16736,-804.000000,-2120.00,-51,178.000000,-77,,,,,,,,,,,,,,,,,,,
1:08:03 AM,16760,-700.000000,-2092.00,-65,60.000000,-102,,,,,,,,,,,,,,,,,,,
1:08:04 AM,16636,-752.000000,-2056.00,-34,108.000000,-108,,,,,,,,,,,,,,,,,,,
1:08:05 AM,16556,-732.000000,-2048.00,-77,54.000000,-92,,,,,,,,,,,,,,,,,,,
1:08:06 AM,16640,-828.000000,-2032.00,-62,187.000000,-75,,,,,,,,,,,,,,,,,,,
1:08:07 AM,16740,-784.000000,-2040.00,-79,190.000000,-57,,,,,,,,,,,,,,,,,,,
1:08:08 AM,16684,-696.000000,-2096.00,-65,199.000000,-89,,,,,,,,,,,,,,,,,,,
1:08:09 AM,16628,-812.000000,-2224.00,-37,106.000000,-68,,,,,,,,,,,,,,,,,,,
1:08:10 AM,16668,-664.000000,-1996.00,-59,171.000000,-81,,,,,,,,,,,,,,,,,,,
1:08:11 AM,16704,-744.000000,-2032.00,-86,162.000000,-79,,,,,,,,,,,,,,,,,,,
1:08:12 AM,16644,-704.000000,-2104.00,-30,109.000000,-41,,,,,,,,,,,,,,,,,,,
1:08:13 AM,16788,-776.000000,-2044.00,-72,41.000000,-105,,,,,,,,,,,,,,,,,,,
1:08:14 AM,16808,-752.000000,-2060.00,-71,51.000000,-88,,,,,,,,,,,,,,,,,,,
1:08:15 AM,16752,-748.000000,-2052.00,-30,132.000000,-97,,,,,,,,,,,,,,,,,,,
1:08:16 AM,16664,-780.000000,-2020.00,-83,153.000000,-98,,,,,,,,,,,,,,,,,,,
1:08:17 AM,16696,-676.000000,-1956.00,-71,35.000000,-82,,,,,,,,,,,,,,,,,,,
1:08:18 AM,16648,-740.000000,-2004.00,-67,146.000000,-74,,,,,,,,,,,,,,,,,,,
1:08:19 AM,16788,-708.000000,-2036.00,-102,168.000000,-102,,,,,,,,,,,,,,,,,,,
1:08:20 AM,16668,-756.000000,-2080.00,-70,93.000000,-88,,,,,,,,,,,,,,,,,,,
1:08:21 AM,16672,-712.000000,-2112.00,-31,60.000000,-64,,,,,,,,,,,,,,,,,,,
1:08:22 AM,16772,-660.000000,-2072.00,-86,167.000000,-73,,,,,,,,,,,,,,,,,,,
1:08:23 AM,16684,-664.000000,-2212.00,-64,38.000000,-116,,,,,,,,,,,,,,,,,,,
1:08:24 AM,16664,-800.000000,-2164.00,-32,61.000000,-76,,,,,,,,,,,,,,,,,,,
1:08:25 AM,16784,-732.000000,-2016.00,-39,186.000000,-77,,,,,,,,,,,,,,,,,,,
1:08:26 AM,16784,-624.000000,-2056.00,-37,79.000000,-78,,,,,,,,,,,,,,,,,,,
1:08:27 AM,16676,-732.000000,-2040.00,-66,170.000000,-87,,,,,,,,,,,,,,,,,,,
1:08:28 AM,16772,-740.000000,-1980.00,-94,121.000000,-101,,,,,,,,,,,,,,,,,,,
1:08:29 AM,16652,-632.000000,-2120.00,-58,57.000000,-82,,,,,,,,,,,,,,,,,,,
1:08:30 AM,16592,-772.000000,-2020.00,-65,44.000000,-84,,,,,,,,,,,,,,,,,,,
1:08:31 AM,16508,-696.000000,-2068.00,-30,159.000000,-77,,,,,,,,,,,,,,,,,,,
1:08:32 AM,16780,-712.000000,-2052.00,-79,180.000000,-71,,,,,,,,,,,,,,,,,,,
1:08:33 AM,16612,-756.000000,-2088.00,-99,69.000000,-73,,,,,,,,,,,,,,,,,,,
1:08:34 AM,16780,-804.000000,-2024.00,-27,136.000000,-83,,,,,,,,,,,,,,,,,,,
1:08:35 AM,16692,-768.000000,-2136.00,-67,55.000000,-94,,,,,,,,,,,,,,,,,,,
1:08:36 AM,16604,-816.000000,-1956.00,-63,45.000000,-92,,,,,,,,,,,,,,,,,,,
1:08:37 AM,16652,-760.000000,-1984.00,-49,66.000000,-98,,,,,,,,,,,,,,,,,,,
1:08:38 AM,16676,-656.000000,-2120.00,-58,104.000000,-77,,,,,,,,,,,,,,,,,,,
1:08:39 AM,16720,-716.000000,-1980.00,-61,191.000000,-88,,,,,,,,,,,,,,,,,,,
1:08:40 AM,16756,-708.000000,-2056.00,-40,140.000000,-61,,,,,,,,,,,,,,,,,,,
1:08:41 AM,16692,-708.000000,-2092.00,-53,48.000000,-62,,,,,,,,,,,,,,,,,,,
1:08:42 AM,16568,-676.000000,-2108.00,-54,72.000000,-110,,,,,,,,,,,,,,,,,,,
1:08:43 AM,16668,-736.000000,-2188.00,-32,83.000000,-73,,,,,,,,,,,,,,,,,,,
1:08:44 AM,16744,-672.000000,-1980.00,-85,114.000000,-95,,,,,,,,,,,,,,,,,,,
1:08:45 AM,16636,-740.000000,-2132.00,-55,68.000000,-83,,,,,,,,,,,,,,,,,,,
1:08:46 AM,16644,-692.000000,-2164.00,-49,147.000000,-83,,,,,,,,,,,,,,,,,,,
1:08:47 AM,16756,-688.000000,-2120.00,-78,157.000000,-97,,,,,,,,,,,,,,,,,,,
1:08:48 AM,16736,-756.000000,-1964.00,-71,65.000000,-105,,,,,,,,,,,,,,,,,,,
1:08:49 AM,16692,-780.000000,-2096.00,-51,199.000000,-71,,,,,,,,,,,,,,,,,,,
1:08:50 AM,16632,-704.000000,-1976.00,-56,54.000000,-101,,,,,,,,,,,,,,,,,,,
1:08:51 AM,16776,-756.000000,-2016.00,-73,166.000000,-83,,,,,,,,,,,,,,,,,,,
1:08:52 AM,16700,-752.000000,-1968.00,-66,92.000000,-91,,,,,,,,,,,,,,,,,,,
1:08:53 AM,16740,-756.000000,-1944.00,-56,171.000000,-78,,,,,,,,,,,,,,,,,,,
1:08:54 AM,16624,-700.000000,-2076.00,-20,127.000000,-100,,,,,,,,,,,,,,,,,,,
1:08:55 AM,16728,-796.000000,-1980.00,-80,57.000000,-94,,,,,,,,,,,,,,,,,,,
1:08:56 AM,16728,-792.000000,-2200.00,-84,153.000000,-90,,,,,,,,,,,,,,,,,,,
1:08:57 AM,16704,-740.000000,-2108.00,-25,106.000000,-54,,,,,,,,,,,,,,,,,,,
1:08:58 AM,16724,-764.000000,-2028.00,-14,160.000000,-79,,,,,,,,,,,,,,,,,,,
1:08:59 AM,16712,-720.000000,-1976.00,-24,96.000000,-79,,,,,,,,,,,,,,,,,,,
1:09:00 AM,16616,-696.000000,-2044.00,-85,109.000000,-99,,,,,,,,,,,,,,,,,,,
1:09:01 AM,16608,-724.000000,-2024.00,-45,65.000000,-99,,,,,,,,,,,,,,,,,,,
1:09:02 AM,16676,-732.000000,-2108.00,-21,143.000000,-103,,,,,,,,,,,,,,,,,,,
1:09:03 AM,16764,-812.000000,-1864.00,-70,56.000000,-99,,,,,,,,,,,,,,,,,,,
1:09:04 AM,16736,-760.000000,-2132.00,-74,58.000000,-90,,,,,,,,,,,,,,,,,,,
1:09:05 AM,16720,-772.000000,-1960.00,-54,68.000000,-91,,,,,,,,,,,,,,,,,,,
1:09:06 AM,16676,-820.000000,-2064.00,-44,56.000000,-73,,,,,,,,,,,,,,,,,,,
1:09:07 AM,16684,-752.000000,-1944.00,-24,150.000000,-80,,,,,,,,,,,,,,,,,,,
1:09:08 AM,16772,-776.000000,-1960.00,-81,88.000000,-82,,,,,,,,,,,,,,,,,,,
1:09:09 AM,16592,-724.000000,-2124.00,-81,174.000000,-73,,,,,,,,,,,,,,,,,,,
1:09:10 AM,16728,-784.000000,-1980.00,-86,142.000000,-82,,,,,,,,,,,,,,,,,,,
1:09:11 AM,16692,-752.000000,-2060.00,-46,109.000000,-81,,,,,,,,,,,,,,,,,,,
1:09:12 AM,16620,-672.000000,-1908.00,-70,119.000000,-92,,,,,,,,,,,,,,,,,,,
1:09:13 AM,16600,-736.000000,-2092.00,-82,162.000000,-119,,,,,,,,,,,,,,,,,,,
1:09:14 AM,16664,-656.000000,-2068.00,-40,102.000000,-74,,,,,,,,,,,,,,,,,,,
1:09:15 AM,16780,-740.000000,-2092.00,-72,47.000000,-87,,,,,,,,,,,,,,,,,,,
1:09:16 AM,16700,-676.000000,-2012.00,-48,64.000000,-92,,,,,,,,,,,,,,,,,,,
1:09:17 AM,16592,-700.000000,-2024.00,-37,148.000000,-87,,,,,,,,,,,,,,,,,,,
1:09:18 AM,16716,-756.000000,-1892.00,-94,173.000000,-78,,,,,,,,,,,,,,,,,,,
1:09:19 AM,16720,-772.000000,-2044.00,-72,162.000000,-77,,,,,,,,,,,,,,,,,,,
1:09:20 AM,16712,-600.000000,-2108.00,-36,88.000000,-83,,,,,,,,,,,,,,,,,,,
1:09:21 AM,16716,-788.000000,-2056.00,-39,67.000000,-66,,,,,,,,,,,,,,,,,,,
1:09:22 AM,16832,-688.000000,-2132.00,-32,124.000000,-92,,,,,,,,,,,,,,,,,,,
1:09:23 AM,16760,-724.000000,-2004.00,-59,59.000000,-96,,,,,,,,,,,,,,,,,,,
1:09:24 AM,16708,-712.000000,-2164.00,-43,132.000000,-65,,,,,,,,,,,,,,,,,,,
1:09:25 AM,16684,-732.000000,-2032.00,-66,47.000000,-96,,,,,,,,,,,,,,,,,,,
1:09:26 AM,16700,-700.000000,-2024.00,-49,76.000000,-79,,,,,,,,,,,,,,,,,,,
1:09:27 AM,16736,-720.000000,-1888.00,-81,157.000000,-98,,,,,,,,,,,,,,,,,,,
1:09:28 AM,16664,-696.000000,-1992.00,-83,80.000000,-100,,,,,,,,,,,,,,,,,,,
1:09:29 AM,16700,-776.000000,-1944.00,-52,59.000000,-51,,,,,,,,,,,,,,,,,,,
1:09:30 AM,16644,-692.000000,-2080.00,-61,73.000000,-72,,,,,,,,,,,,,,,,,,,
1:09:31 AM,16704,-716.000000,-2116.00,-93,160.000000,-110,,,,,,,,,,,,,,,,,,,
1:09:32 AM,16668,-676.000000,-1968.00,-55,86.000000,-74,,,,,,,,,,,,,,,,,,,
1:09:33 AM,16692,-736.000000,-2104.00,-62,183.000000,-69,,,,,,,,,,,,,,,,,,,
1:09:34 AM,16600,-704.000000,-1936.00,-50,50.000000,-87,,,,,,,,,,,,,,,,,,,
1:09:35 AM,16684,-768.000000,-1984.00,-48,178.000000,-87,,,,,,,,,,,,,,,,,,,
1:09:36 AM,16776,-708.000000,-1836.00,-77,69.000000,-107,,,,,,,,,,,,,,,,,,,
1:09:37 AM,16684,-780.000000,-2076.00,-69,180.000000,-89,,,,,,,,,,,,,,,,,,,
1:09:38 AM,16668,-676.000000,-2020.00,-34,64.000000,-93,,,,,,,,,,,,,,,,,,,
1:09:39 AM,16712,-700.000000,-2124.00,-80,109.000000,-89,,,,,,,,,,,,,,,,,,,
1:09:40 AM,16716,-720.000000,-2048.00,-72,176.000000,-79,,,,,,,,,,,,,,,,,,,
1:09:41 AM,16684,-728.000000,-2032.00,-66,41.000000,-76,,,,,,,,,,,,,,,,,,,
1:09:42 AM,16620,-668.000000,-2048.00,-75,117.000000,-118,,,,,,,,,,,,,,,,,,,
1:09:43 AM,16684,-728.000000,-2100.00,-55,181.000000,-77,,,,,,,,,,,,,,,,,,,
1:09:44 AM,16728,-836.000000,-2100.00,-36,140.000000,-84,,,,,,,,,,,,,,,,,,,
1:09:45 AM,16728,-696.000000,-2088.00,-76,128.000000,-97,,,,,,,,,,,,,,,,,,,
1:09:46 AM,16732,-728.000000,-2096.00,-40,172.000000,-88,,,,,,,,,,,,,,,,,,,
1:09:47 AM,16656,-776.000000,-2040.00,-79,169.000000,-92,,,,,,,,,,,,,,,,,,,
1:09:48 AM,16604,-740.000000,-2068.00,-71,18.000000,-90,,,,,,,,,,,,,,,,,,,
1:09:49 AM,16656,-720.000000,-1904.00,-98,130.000000,-88,,,,,,,,,,,,,,,,,,,
1:09:50 AM,16600,-812.000000,-2032.00,-79,54.000000,-82,,,,,,,,,,,,,,,,,,,
1:09:51 AM,16732,-780.000000,-2028.00,-102,158.000000,-75,,,,,,,,,,,,,,,,,,,
1:09:52 AM,16684,-700.000000,-1996.00,-70,69.000000,-82,,,,,,,,,,,,,,,,,,,
1:09:53 AM,16688,-828.000000,-2040.00,-34,76.000000,-90,,,,,,,,,,,,,,,,,,,
1:09:54 AM,16624,-724.000000,-2004.00,-34,169.000000,-61,,,,,,,,,,,,,,,,,,,
1:09:55 AM,16728,-668.000000,-2072.00,-103,73.000000,-107,,,,,,,,,,,,,,,,,,,
1:09:56 AM,16632,-700.000000,-2108.00,-99,106.000000,-110,,,,,,,,,,,,,,,,,,,
1:09:57 AM,16660,-788.000000,-1996.00,-47,164.000000,-96,,,,,,,,,,,,,,,,,,,
1:09:58 AM,16676,-716.000000,-2032.00,-61,34.000000,-105,,,,,,,,,,,,,,,,,,,
1:09:59 AM,16696,-740.000000,-2096.00,-52,185.000000,-83,,,,,,,,,,,,,,,,,,,
1:10:00 AM,16684,-744.000000,-1960.00,-60,150.000000,-81,,,,,,,,,,,,,,,,,,,
1:10:01 AM,16788,-752.000000,-1992.00,-21,68.000000,-88,,,,,,,,,,,,,,,,,,,
1:10:02 AM,16644,-744.000000,-1960.00,-95,153.000000,-102,,,,,,,,,,,,,,,,,,,
1:10:03 AM,16556,-724.000000,-2080.00,-18,84.000000,-97,,,,,,,,,,,,,,,,,,,
1:10:04 AM,16644,-736.000000,-2016.00,-77,64.000000,-88,,,,,,,,,,,,,,,,,,,
1:10:05 AM,16660,-724.000000,-1884.00,-89,108.000000,-103,,,,,,,,,,,,,,,,,,,
1:10:06 AM,16752,-664.000000,-1980.00,-54,54.000000,-118,,,,,,,,,,,,,,,,,,,
1:10:07 AM,16680,-744.000000,-1856.00,-78,51.000000,-84,,,,,,,,,,,,,,,,,,,
1:10:08 AM,16688,-644.000000,-1836.00,-52,180.000000,-90,,,,,,,,,,,,,,,,,,,
1:10:09 AM,16728,-780.000000,-2016.00,-30,58.000000,-86,,,,,,,,,,,,,,,,,,,
1:10:10 AM,16684,-744.000000,-1980.00,-71,56.000000,-111,,,,,,,,,,,,,,,,,,,
1:10:11 AM,16712,-656.000000,-2160.00,-73,150.000000,-93,,,,,,,,,,,,,,,,,,,
1:10:12 AM,16756,-756.000000,-2016.00,-47,72.000000,-61,,,,,,,,,,,,,,,,,,,
1:10:13 AM,16692,-644.000000,-1972.00,-78,137.000000,-94,,,,,,,,,,,,,,,,,,,
1:10:14 AM,16644,-784.000000,-2092.00,-29,128.000000,-71,,,,,,,,,,,,,,,,,,,
1:10:15 AM,16636,-776.000000,-1968.00,-74,61.000000,-86,,,,,,,,,,,,,,,,,,,
1:10:16 AM,16748,-752.000000,-2000.00,-83,87.000000,-93,,,,,,,,,,,,,,,,,,,
1:10:17 AM,16712,-744.000000,-2076.00,-58,63.000000,-96,,,,,,,,,,,,,,,,,,,
1:10:18 AM,16672,-740.000000,-2044.00,-62,81.000000,-120,,,,,,,,,,,,,,,,,,,
1:10:19 AM,16708,-744.000000,-1992.00,-48,155.000000,-95,,,,,,,,,,,,,,,,,,,
1:10:20 AM,16716,-768.000000,-2044.00,-45,68.000000,-88,,,,,,,,,,,,,,,,,,,
1:10:21 AM,16672,-716.000000,-1916.00,-24,90.000000,-74,,,,,,,,,,,,,,,,,,,
1:10:22 AM,16720,-752.000000,-2092.00,-47,106.000000,-86,,,,,,,,,,,,,,,,,,,
1:10:23 AM,16720,-752.000000,-2132.00,-94,132.000000,-103,,,,,,,,,,,,,,,,,,,
1:10:24 AM,16620,-744.000000,-1908.00,-93,140.000000,-63,,,,,,,,,,,,,,,,,,,
1:10:25 AM,16680,-688.000000,-2048.00,-46,71.000000,-79,,,,,,,,,,,,,,,,,,,
1:10:26 AM,16704,-708.000000,-2064.00,-55,60.000000,-68,,,,,,,,,,,,,,,,,,,
1:10:27 AM,16704,-696.000000,-2100.00,-91,130.000000,-90,,,,,,,,,,,,,,,,,,,
1:10:28 AM,16768,-764.000000,-2064.00,-90,90.000000,-113,,,,,,,,,,,,,,,,,,,
1:10:29 AM,16648,-716.000000,-1988.00,-57,166.000000,-57,,,,,,,,,,,,,,,,,,,
1:10:30 AM,16740,-708.000000,-2088.00,-39,73.000000,-81,,,,,,,,,,,,,,,,,,,
1:10:31 AM,16704,-676.000000,-2232.00,-62,78.000000,-88,,,,,,,,,,,,,,,,,,,
1:10:32 AM,16708,-660.000000,-2040.00,-29,126.000000,-74,,,,,,,,,,,,,,,,,,,
1:10:33 AM,16796,-832.000000,-1948.00,-60,49.000000,-84,,,,,,,,,,,,,,,,,,,
1:10:34 AM,16720,-740.000000,-2064.00,-45,115.000000,-98,,,,,,,,,,,,,,,,,,,
1:10:35 AM,16588,-712.000000,-1972.00,-16,179.000000,-74,,,,,,,,,,,,,,,,,,,
1:10:36 AM,16712,-672.000000,-2076.00,-68,190.000000,-89,,,,,,,,,,,,,,,,,,,
1:10:37 AM,16716,-668.000000,-2032.00,-51,39.000000,-100,,,,,,,,,,,,,,,,,,,
1:10:38 AM,16732,-792.000000,-2008.00,-44,90.000000,-80,,,,,,,,,,,,,,,,,,,
1:10:39 AM,16660,-660.000000,-2032.00,-51,55.000000,-87,,,,,,,,,,,,,,,,,,,
1:10:40 AM,16684,-816.000000,-2044.00,-84,136.000000,-85,,,,,,,,,,,,,,,,,,,
1:10:41 AM,16820,-756.000000,-2084.00,-87,60.000000,-78,,,,,,,,,,,,,,,,,,,
1:10:42 AM,16728,-708.000000,-2008.00,-25,108.000000,-71,,,,,,,,,,,,,,,,,,,
1:10:43 AM,16740,-728.000000,-2024.00,-69,72.000000,-111,,,,,,,,,,,,,,,,,,,
1:10:44 AM,16636,-636.000000,-2068.00,-76,98.000000,-120,,,,,,,,,,,,,,,,,,,
1:10:45 AM,16724,-704.000000,-2092.00,-59,51.000000,-89,,,,,,,,,,,,,,,,,,,
1:10:46 AM,16740,-648.000000,-2004.00,-47,77.000000,-88,,,,,,,,,,,,,,,,,,,
1:10:47 AM,16604,-692.000000,-2076.00,-35,137.000000,-86,,,,,,,,,,,,,,,,,,,
1:10:48 AM,16656,-800.000000,-2020.00,-61,177.000000,-78,,,,,,,,,,,,,,,,,,,
1:10:49 AM,16648,-704.000000,-1900.00,-85,86.000000,-115,,,,,,,,,,,,,,,,,,,
1:10:50 AM,16776,-708.000000,-1980.00,-47,57.000000,-97,,,,,,,,,,,,,,,,,,,
1:10:51 AM,16836,-708.000000,-1976.00,-39,85.000000,-117,,,,,,,,,,,,,,,,,,,
1:10:52 AM,16724,-740.000000,-2108.00,-85,67.000000,-93,,,,,,,,,,,,,,,,,,,
1:10:53 AM,16652,-688.000000,-2120.00,-71,86.000000,-91,,,,,,,,,,,,,,,,,,,
1:10:54 AM,16736,-716.000000,-2056.00,-43,112.000000,-85,,,,,,,,,,,,,,,,,,,
1:10:55 AM,16616,-716.000000,-1948.00,-102,128.000000,-105,,,,,,,,,,,,,,,,,,,
1:10:56 AM,16760,-772.000000,-2016.00,-45,121.000000,-72,,,,,,,,,,,,,,,,,,,
1:10:57 AM,16616,-768.000000,-2016.00,-72,180.000000,-107,,,,,,,,,,,,,,,,,,,
1:10:58 AM,16840,-672.000000,-2096.00,-77,63.000000,-89,,,,,,,,,,,,,,,,,,,
1:10:59 AM,16716,-756.000000,-2008.00,-53,45.000000,-75,,,,,,,,,,,,,,,,,,,
1:11:00 AM,16756,-700.000000,-2000.00,-71,182.000000,-88,,,,,,,,,,,,,,,,,,,
1:11:01 AM,16692,-732.000000,-2052.00,-45,54.000000,-83,,,,,,,,,,,,,,,,,,,
1:11:02 AM,16812,-684.000000,-1964.00,-55,154.000000,-60,,,,,,,,,,,,,,,,,,,
1:11:03 AM,16564,-788.000000,-2028.00,-98,79.000000,-87,,,,,,,,,,,,,,,,,,,
1:11:04 AM,16700,-728.000000,-2080.00,-60,56.000000,-91,,,,,,,,,,,,,,,,,,,
1:11:05 AM,16672,-708.000000,-1944.00,-43,149.000000,-79,,,,,,,,,,,,,,,,,,,
1:11:06 AM,16632,-724.000000,-2036.00,-88,122.000000,-87,,,,,,,,,,,,,,,,,,,
1:11:07 AM,16700,-680.000000,-1996.00,-76,155.000000,-87,,,,,,,,,,,,,,,,,,,
1:11:08 AM,16692,-692.000000,-2172.00,-47,70.000000,-90,,,,,,,,,,,,,,,,,,,
1:11:09 AM,16752,-780.000000,-1976.00,-49,163.000000,-63,,,,,,,,,,,,,,,,,,,
1:11:10 AM,16652,-728.000000,-1800.00,-39,157.000000,-88,,,,,,,,,,,,,,,,,,,
1:11:11 AM,16616,-700.000000,-2152.00,-64,64.000000,-88,,,,,,,,,,,,,,,,,,,
1:11:12 AM,16700,-796.000000,-2052.00,-40,89.000000,-71,,,,,,,,,,,,,,,,,,,
1:11:13 AM,16736,-688.000000,-2052.00,-23,97.000000,-88,,,,,,,,,,,,,,,,,,,
1:11:14 AM,16700,-728.000000,-1764.00,-71,60.000000,-89,,,,,,,,,,,,,,,,,,,
1:11:15 AM,16656,-764.000000,-1908.00,-26,118.000000,-87,,,,,,,,,,,,,,,,,,,
1:11:16 AM,16728,-604.000000,-1964.00,-85,150.000000,-102,,,,,,,,,,,,,,,,,,,
1:11:17 AM,16756,-760.000000,-2032.00,-50,86.000000,-65,,,,,,,,,,,,,,,,,,,
1:11:18 AM,16792,-732.000000,-2012.00,-41,113.000000,-94,,,,,,,,,,,,,,,,,,,
1:11:19 AM,16664,-668.000000,-2040.00,-60,64.000000,-84,,,,,,,,,,,,,,,,,,,
1:11:20 AM,16588,-668.000000,-1936.00,-78,165.000000,-107,,,,,,,,,,,,,,,,,,,
1:11:21 AM,16640,-736.000000,-2096.00,-61,53.000000,-80,,,,,,,,,,,,,,,,,,,
1:11:22 AM,16668,-752.000000,-1996.00,-35,118.000000,-60,,,,,,,,,,,,,,,,,,,
1:11:23 AM,16716,-696.000000,-2200.00,-59,57.000000,-78,,,,,,,,,,,,,,,,,,,
1:11:24 AM,16720,-764.000000,-2132.00,-54,87.000000,-70,,,,,,,,,,,,,,,,,,,
1:11:25 AM,16648,-792.000000,-1980.00,-50,56.000000,-69,,,,,,,,,,,,,,,,,,,
1:11:26 AM,16756,-728.000000,-1976.00,-22,149.000000,-75,,,,,,,,,,,,,,,,,,,
1:11:27 AM,16664,-720.000000,-1952.00,-27,78.000000,-82,,,,,,,,,,,,,,,,,,,
1:11:28 AM,16708,-712.000000,-1880.00,-67,82.000000,-101,,,,,,,,,,,,,,,,,,,
1:11:29 AM,16644,-752.000000,-2076.00,-44,60.000000,-65,,,,,,,,,,,,,,,,,,,
1:11:30 AM,16656,-728.000000,-1944.00,-35,160.000000,-77,,,,,,,,,,,,,,,,,,,
1:11:31 AM,16760,-676.000000,-2072.00,-75,51.000000,-84,,,,,,,,,,,,,,,,,,,
1:11:32 AM,16732,-720.000000,-2096.00,-35,115.000000,-69,,,,,,,,,,,,,,,,,,,
1:11:33 AM,16744,-824.000000,-1908.00,-67,175.000000,-90,,,,,,,,,,,,,,,,,,,
1:11:34 AM,16724,-780.000000,-1936.00,-73,74.000000,-103,,,,,,,,,,,,,,,,,,,
1:11:35 AM,16640,-724.000000,-1980.00,-37,149.000000,-85,,,,,,,,,,,,,,,,,,,
1:11:36 AM,16760,-744.000000,-2032.00,-81,89.000000,-99,,,,,,,,,,,,,,,,,,,
1:11:37 AM,16700,-692.000000,-2040.00,-59,166.000000,-88,,,,,,,,,,,,,,,,,,,
1:11:38 AM,16756,-776.000000,-1912.00,-55,59.000000,-102,,,,,,,,,,,,,,,,,,,
1:11:39 AM,16768,-680.000000,-1848.00,-81,71.000000,-110,,,,,,,,,,,,,,,,,,,
1:11:40 AM,16752,-740.000000,-1956.00,-74,175.000000,-76,,,,,,,,,,,,,,,,,,,
1:11:41 AM,16656,-704.000000,-1956.00,-81,175.000000,-118,,,,,,,,,,,,,,,,,,,
1:11:42 AM,16724,-720.000000,-1916.00,-57,53.000000,-88,,,,,,,,,,,,,,,,,,,
1:11:43 AM,16620,-804.000000,-1992.00,-52,196.000000,-79,,,,,,,,,,,,,,,,,,,
1:11:44 AM,16600,-692.000000,-2060.00,-82,98.000000,-88,,,,,,,,,,,,,,,,,,,
1:11:45 AM,16664,-792.000000,-2052.00,-106,116.000000,-80,,,,,,,,,,,,,,,,,,,
1:11:46 AM,16700,-800.000000,-2040.00,-25,116.000000,-73,,,,,,,,,,,,,,,,,,,
1:11:47 AM,16788,-768.000000,-1936.00,-76,160.000000,-73,,,,,,,,,,,,,,,,,,,
1:11:48 AM,16748,-752.000000,-1868.00,-41,143.000000,-76,,,,,,,,,,,,,,,,,,,
1:11:49 AM,16708,-688.000000,-2036.00,-57,172.000000,-67,,,,,,,,,,,,,,,,,,,
1:11:50 AM,16728,-636.000000,-2020.00,-72,48.000000,-81,,,,,,,,,,,,,,,,,,,
1:11:51 AM,16660,-792.000000,-1852.00,-84,60.000000,-108,,,,,,,,,,,,,,,,,,,
1:11:52 AM,16728,-764.000000,-1952.00,-28,153.000000,-82,,,,,,,,,,,,,,,,,,,
1:11:53 AM,16612,-656.000000,-1964.00,-66,158.000000,-54,,,,,,,,,,,,,,,,,,,
1:11:54 AM,16760,-632.000000,-2032.00,-34,145.000000,-35,,,,,,,,,,,,,,,,,,,
1:11:55 AM,16736,-712.000000,-1840.00,-62,93.000000,-76,,,,,,,,,,,,,,,,,,,
1:11:56 AM,16624,-764.000000,-2024.00,-65,38.000000,-95,,,,,,,,,,,,,,,,,,,
1:11:57 AM,16508,-772.000000,-1996.00,-37,106.000000,-84,,,,,,,,,,,,,,,,,,,
1:11:58 AM,16676,-800.000000,-2048.00,-42,128.000000,-83,,,,,,,,,,,,,,,,,,,
1:11:59 AM,16716,-624.000000,-2016.00,-82,155.000000,-76,,,,,,,,,,,,,,,,,,,
1:12:00 AM,16760,-780.000000,-2032.00,-50,80.000000,-97,,,,,,,,,,,,,,,,,,,
1:12:01 AM,16692,-752.000000,-1988.00,-15,184.000000,-82,,,,,,,,,,,,,,,,,,,
1:12:02 AM,16676,-748.000000,-1952.00,-74,68.000000,-78,,,,,,,,,,,,,,,,,,,
1:12:03 AM,16800,-772.000000,-2056.00,-64,193.000000,-82,,,,,,,,,,,,,,,,,,,
1:12:04 AM,16764,-760.000000,-1904.00,-30,162.000000,-89,,,,,,,,,,,,,,,,,,,
1:12:05 AM,16800,-760.000000,-2048.00,-57,54.000000,-98,,,,,,,,,,,,,,,,,,,
1:12:06 AM,16704,-768.000000,-1944.00,-91,187.000000,-72,,,,,,,,,,,,,,,,,,,
1:12:07 AM,16664,-700.000000,-1956.00,-52,131.000000,-75,,,,,,,,,,,,,,,,,,,
1:12:08 AM,16752,-780.000000,-1944.00,-76,184.000000,-105,,,,,,,,,,,,,,,,,,,
1:12:09 AM,16764,-824.000000,-1944.00,-56,55.000000,-98,,,,,,,,,,,,,,,,,,,
1:12:10 AM,16692,-684.000000,-1988.00,-73,113.000000,-88,,,,,,,,,,,,,,,,,,,
1:12:11 AM,16708,-764.000000,-1920.00,-44,168.000000,-98,,,,,,,,,,,,,,,,,,,
1:12:12 AM,16640,-724.000000,-1824.00,-61,43.000000,-88,,,,,,,,,,,,,,,,,,,
1:12:13 AM,16736,-768.000000,-1932.00,-80,113.000000,-104,,,,,,,,,,,,,,,,,,,
1:12:14 AM,16636,-816.000000,-1908.00,-22,78.000000,-70,,,,,,,,,,,,,,,,,,,
1:12:15 AM,16720,-744.000000,-1872.00,-92,151.000000,-100,,,,,,,,,,,,,,,,,,,
1:12:16 AM,16708,-692.000000,-1904.00,-94,154.000000,-63,,,,,,,,,,,,,,,,,,,
1:12:17 AM,16720,-820.000000,-1984.00,-38,173.000000,-70,,,,,,,,,,,,,,,,,,,
1:12:19 AM,16728,-712.000000,-2004.00,-60,27.000000,-90,,,,,,,,,,,,,,,,,,,
1:12:20 AM,16756,-672.000000,-2056.00,-29,106.000000,-119,,,,,,,,,,,,,,,,,,,
1:12:21 AM,16724,-660.000000,-1836.00,-67,173.000000,-88,,,,,,,,,,,,,,,,,,,
1:12:22 AM,16756,-668.000000,-2000.00,-21,170.000000,-86,,,,,,,,,,,,,,,,,,,
1:12:23 AM,16788,-820.000000,-1952.00,-28,121.000000,-91,,,,,,,,,,,,,,,,,,,
1:12:24 AM,16668,-664.000000,-1992.00,-92,76.000000,-101,,,,,,,,,,,,,,,,,,,
1:12:25 AM,16708,-720.000000,-2044.00,-47,168.000000,-93,,,,,,,,,,,,,,,,,,,
1:12:26 AM,16712,-724.000000,-1916.00,-75,101.000000,-97,,,,,,,,,,,,,,,,,,,
1:12:27 AM,16640,-816.000000,-1840.00,-36,65.000000,-86,,,,,,,,,,,,,,,,,,,
1:12:28 AM,16756,-764.000000,-1836.00,-61,186.000000,-95,,,,,,,,,,,,,,,,,,,
1:12:29 AM,16772,-704.000000,-1928.00,-14,140.000000,-70,,,,,,,,,,,,,,,,,,,
1:12:30 AM,16728,-780.000000,-2076.00,-39,96.000000,-94,,,,,,,,,,,,,,,,,,,
1:12:31 AM,16592,-780.000000,-1848.00,-81,126.000000,-102,,,,,,,,,,,,,,,,,,,
1:12:32 AM,16748,-688.000000,-2064.00,-47,166.000000,-82,,,,,,,,,,,,,,,,,,,
1:12:33 AM,16632,-740.000000,-1984.00,-79,82.000000,-91,,,,,,,,,,,,,,,,,,,
1:12:34 AM,16740,-636.000000,-1996.00,-90,81.000000,-102,,,,,,,,,,,,,,,,,,,
1:12:35 AM,16696,-652.000000,-2096.00,-42,107.000000,-76,,,,,,,,,,,,,,,,,,,
1:12:36 AM,16688,-700.000000,-2128.00,-66,39.000000,-77,,,,,,,,,,,,,,,,,,,
1:12:37 AM,16700,-688.000000,-1956.00,-81,72.000000,-110,,,,,,,,,,,,,,,,,,,
1:12:38 AM,16704,-736.000000,-2100.00,-49,66.000000,-90,,,,,,,,,,,,,,,,,,,
1:12:39 AM,16684,-800.000000,-2044.00,-78,158.000000,-112,,,,,,,,,,,,,,,,,,,
1:12:40 AM,16772,-728.000000,-2024.00,-16,104.000000,-86,,,,,,,,,,,,,,,,,,,
1:12:41 AM,16724,-748.000000,-2040.00,-84,146.000000,-90,,,,,,,,,,,,,,,,,,,
1:12:42 AM,16636,-856.000000,-1924.00,-80,122.000000,-102,,,,,,,,,,,,,,,,,,,
1:12:43 AM,16684,-740.000000,-1932.00,-37,187.000000,-86,,,,,,,,,,,,,,,,,,,
1:12:44 AM,16816,-824.000000,-1904.00,-50,58.000000,-98,,,,,,,,,,,,,,,,,,,
1:12:45 AM,16680,-696.000000,-1912.00,-37,165.000000,-67,,,,,,,,,,,,,,,,,,,
1:12:46 AM,16632,-820.000000,-2008.00,-90,149.000000,-84,,,,,,,,,,,,,,,,,,,
1:12:47 AM,16740,-640.000000,-2160.00,-48,78.000000,-56,,,,,,,,,,,,,,,,,,,
1:12:48 AM,16728,-784.000000,-1832.00,-36,128.000000,-87,,,,,,,,,,,,,,,,,,,
1:12:49 AM,16688,-756.000000,-2020.00,-45,101.000000,-61,,,,,,,,,,,,,,,,,,,
1:12:50 AM,16824,-704.000000,-2088.00,-72,65.000000,-101,,,,,,,,,,,,,,,,,,,
1:12:51 AM,16740,-812.000000,-2088.00,-19,106.000000,-76,,,,,,,,,,,,,,,,,,,
1:12:52 AM,16704,-692.000000,-1800.00,-43,143.000000,-76,,,,,,,,,,,,,,,,,,,
1:12:53 AM,16632,-696.000000,-1936.00,-26,77.000000,-76,,,,,,,,,,,,,,,,,,,
1:12:54 AM,16668,-760.000000,-1932.00,-30,152.000000,-68,,,,,,,,,,,,,,,,,,,
1:12:55 AM,16668,-668.000000,-1936.00,-91,158.000000,-90,,,,,,,,,,,,,,,,,,,
1:12:56 AM,16688,-724.000000,-2012.00,-62,45.000000,-88,,,,,,,,,,,,,,,,,,,
1:12:57 AM,16616,-684.000000,-1828.00,-57,124.000000,-91,,,,,,,,,,,,,,,,,,,
1:12:58 AM,16704,-700.000000,-2108.00,-78,70.000000,-94,,,,,,,,,,,,,,,,,,,
1:12:59 AM,16648,-688.000000,-1884.00,-38,88.000000,-106,,,,,,,,,,,,,,,,,,,
1:13:00 AM,16640,-748.000000,-1992.00,-65,174.000000,-82,,,,,,,,,,,,,,,,,,,
1:13:01 AM,16708,-752.000000,-2036.00,-54,183.000000,-86,,,,,,,,,,,,,,,,,,,
1:13:02 AM,16752,-768.000000,-2016.00,-61,184.000000,-77,,,,,,,,,,,,,,,,,,,
1:13:03 AM,16776,-744.000000,-2072.00,-74,137.000000,-73,,,,,,,,,,,,,,,,,,,
1:13:04 AM,16636,-708.000000,-1864.00,-81,163.000000,-77,,,,,,,,,,,,,,,,,,,
1:13:05 AM,16720,-768.000000,-2024.00,-38,79.000000,-83,,,,,,,,,,,,,,,,,,,
1:13:06 AM,16696,-740.000000,-2124.00,-25,140.000000,-68,,,,,,,,,,,,,,,,,,,
1:13:07 AM,16660,-760.000000,-2012.00,-78,168.000000,-76,,,,,,,,,,,,,,,,,,,
1:13:08 AM,16680,-724.000000,-1968.00,-65,168.000000,-98,,,,,,,,,,,,,,,,,,,
1:13:09 AM,16776,-640.000000,-1792.00,-76,69.000000,-126,,,,,,,,,,,,,,,,,,,
1:13:10 AM,16744,-772.000000,-2036.00,-84,162.000000,-73,,,,,,,,,,,,,,,,,,,
1:13:11 AM,16732,-684.000000,-1960.00,-88,87.000000,-89,,,,,,,,,,,,,,,,,,,
1:13:12 AM,16784,-748.000000,-1988.00,-64,182.000000,-94,,,,,,,,,,,,,,,,,,,
1:13:13 AM,16668,-736.000000,-1920.00,-32,123.000000,-76,,,,,,,,,,,,,,,,,,,
1:13:14 AM,16616,-768.000000,-2108.00,-93,132.000000,-73,,,,,,,,,,,,,,,,,,,
1:13:15 AM,16764,-716.000000,-2012.00,-25,121.000000,-88,,,,,,,,,,,,,,,,,,,
1:13:16 AM,16656,-832.000000,-2036.00,-81,29.000000,-113,,,,,,,,,,,,,,,,,,,
1:13:17 AM,16704,-716.000000,-1904.00,-49,61.000000,-86,,,,,,,,,,,,,,,,,,,
1:13:18 AM,16660,-748.000000,-1944.00,-33,99.000000,-73,,,,,,,,,,,,,,,,,,,
1:13:19 AM,16772,-800.000000,-2064.00,-77,132.000000,-96,,,,,,,,,,,,,,,,,,,
1:13:20 AM,16684,-708.000000,-1912.00,-37,103.000000,-84,,,,,,,,,,,,,,,,,,,
1:13:21 AM,16664,-820.000000,-2012.00,-57,61.000000,-83,,,,,,,,,,,,,,,,,,,
1:13:22 AM,16764,-776.000000,-1984.00,-77,75.000000,-102,,,,,,,,,,,,,,,,,,,
1:13:23 AM,16612,-652.000000,-1908.00,-50,41.000000,-92,,,,,,,,,,,,,,,,,,,
1:13:24 AM,16672,-652.000000,-1976.00,-36,161.000000,-77,,,,,,,,,,,,,,,,,,,
1:13:25 AM,16620,-692.000000,-1924.00,-58,51.000000,-96,,,,,,,,,,,,,,,,,,,
1:13:26 AM,16780,-704.000000,-1912.00,-89,68.000000,-100,,,,,,,,,,,,,,,,,,,
1:13:27 AM,16736,-700.000000,-1948.00,-42,180.000000,-70,,,,,,,,,,,,,,,,,,,
1:13:28 AM,16720,-828.000000,-1984.00,-51,68.000000,-95,,,,,,,,,,,,,,,,,,,
1:13:29 AM,16768,-740.000000,-2096.00,-35,137.000000,-66,,,,,,,,,,,,,,,,,,,
1:13:30 AM,16696,-672.000000,-1944.00,-43,84.000000,-89,,,,,,,,,,,,,,,,,,,
1:13:31 AM,16756,-712.000000,-1980.00,-34,110.000000,-83,,,,,,,,,,,,,,,,,,,
1:13:32 AM,16620,-748.000000,-2004.00,-85,137.000000,-81,,,,,,,,,,,,,,,,,,,
1:13:33 AM,16716,-680.000000,-1980.00,-24,124.000000,-82,,,,,,,,,,,,,,,,,,,
1:13:34 AM,16668,-724.000000,-2008.00,-64,43.000000,-81,,,,,,,,,,,,,,,,,,,
1:13:35 AM,16636,-712.000000,-1944.00,-69,162.000000,-98,,,,,,,,,,,,,,,,,,,
1:13:36 AM,16760,-640.000000,-1956.00,-51,48.000000,-86,,,,,,,,,,,,,,,,,,,
1:13:37 AM,16684,-700.000000,-2008.00,-51,50.000000,-66,,,,,,,,,,,,,,,,,,,
1:13:38 AM,16784,-756.000000,-2168.00,-76,60.000000,-96,,,,,,,,,,,,,,,,,,,
1:13:39 AM,16704,-672.000000,-2072.00,-46,183.000000,-91,,,,,,,,,,,,,,,,,,,
1:13:40 AM,16852,-656.000000,-2032.00,-64,70.000000,-94,,,,,,,,,,,,,,,,,,,
1:13:41 AM,16672,-716.000000,-1964.00,-49,166.000000,-90,,,,,,,,,,,,,,,,,,,
1:13:42 AM,16764,-768.000000,-2040.00,-40,129.000000,-61,,,,,,,,,,,,,,,,,,,
1:13:43 AM,16652,-668.000000,-2160.00,-54,42.000000,-88,,,,,,,,,,,,,,,,,,,
1:13:44 AM,16632,-724.000000,-1972.00,-101,182.000000,-80,,,,,,,,,,,,,,,,,,,
1:13:45 AM,16748,-716.000000,-2016.00,-98,159.000000,-107,,,,,,,,,,,,,,,,,,,
1:13:46 AM,16716,-792.000000,-1996.00,-81,124.000000,-96,,,,,,,,,,,,,,,,,,,
1:13:47 AM,16756,-712.000000,-1860.00,-40,117.000000,-97,,,,,,,,,,,,,,,,,,,
1:13:48 AM,16784,-724.000000,-2000.00,-83,40.000000,-100,,,,,,,,,,,,,,,,,,,
1:13:49 AM,16676,-704.000000,-1900.00,-63,62.000000,-98,,,,,,,,,,,,,,,,,,,
1:13:50 AM,16664,-708.000000,-2052.00,-77,72.000000,-97,,,,,,,,,,,,,,,,,,,
1:13:51 AM,16724,-680.000000,-1952.00,-47,173.000000,-83,,,,,,,,,,,,,,,,,,,
1:13:52 AM,16604,-708.000000,-2032.00,-66,182.000000,-90,,,,,,,,,,,,,,,,,,,
1:13:53 AM,16656,-736.000000,-2076.00,-32,79.000000,-70,,,,,,,,,,,,,,,,,,,
1:13:54 AM,16704,-784.000000,-2048.00,-72,36.000000,-83,,,,,,,,,,,,,,,,,,,
1:13:55 AM,16684,-664.000000,-1996.00,-83,155.000000,-95,,,,,,,,,,,,,,,,,,,
1:13:56 AM,16772,-676.000000,-1988.00,-16,128.000000,-66,,,,,,,,,,,,,,,,,,,
1:13:57 AM,16592,-672.000000,-2052.00,-46,59.000000,-63,,,,,,,,,,,,,,,,,,,
1:13:58 AM,16740,-768.000000,-1964.00,-80,156.000000,-106,,,,,,,,,,,,,,,,,,,
1:13:59 AM,16572,-684.000000,-1912.00,-66,65.000000,-80,,,,,,,,,,,,,,,,,,,
1:14:00 AM,16744,-756.000000,-1932.00,-41,67.000000,-69,,,,,,,,,,,,,,,,,,,
1:14:01 AM,16564,-688.000000,-1876.00,-65,155.000000,-79,,,,,,,,,,,,,,,,,,,
1:14:02 AM,16768,-736.000000,-1920.00,-92,44.000000,-104,,,,,,,,,,,,,,,,,,,
1:14:03 AM,16768,-656.000000,-2064.00,-57,59.000000,-87,,,,,,,,,,,,,,,,,,,
1:14:04 AM,16696,-768.000000,-1868.00,-79,79.000000,-96,,,,,,,,,,,,,,,,,,,
1:14:05 AM,16688,-752.000000,-1924.00,-78,149.000000,-101,,,,,,,,,,,,,,,,,,,
1:14:06 AM,16752,-708.000000,-2040.00,-40,88.000000,-78,,,,,,,,,,,,,,,,,,,
1:14:07 AM,16736,-672.000000,-1984.00,-70,93.000000,-101,,,,,,,,,,,,,,,,,,,
1:14:08 AM,16636,-704.000000,-1944.00,-39,84.000000,-89,,,,,,,,,,,,,,,,,,,
1:14:09 AM,16660,-772.000000,-1880.00,-54,189.000000,-69,,,,,,,,,,,,,,,,,,,
1:14:10 AM,16816,-784.000000,-2096.00,-103,147.000000,-85,,,,,,,,,,,,,,,,,,,
1:14:11 AM,16824,-744.000000,-1992.00,-100,161.000000,-91,,,,,,,,,,,,,,,,,,,
1:14:12 AM,16632,-812.000000,-2080.00,-53,51.000000,-100,,,,,,,,,,,,,,,,,,,
1:14:13 AM,16668,-780.000000,-1988.00,-41,179.000000,-84,,,,,,,,,,,,,,,,,,,
1:14:14 AM,16684,-728.000000,-2032.00,-86,128.000000,-100,,,,,,,,,,,,,,,,,,,
1:14:15 AM,16624,-744.000000,-1944.00,-77,187.000000,-89,,,,,,,,,,,,,,,,,,,
1:14:16 AM,16676,-788.000000,-2024.00,-43,106.000000,-77,,,,,,,,,,,,,,,,,,,
1:14:17 AM,16660,-800.000000,-1844.00,-95,126.000000,-70,,,,,,,,,,,,,,,,,,,
1:14:18 AM,16636,-740.000000,-1924.00,-34,158.000000,-79,,,,,,,,,,,,,,,,,,,
1:14:19 AM,16696,-720.000000,-1964.00,-76,174.000000,-103,,,,,,,,,,,,,,,,,,,
1:14:20 AM,16656,-672.000000,-1912.00,-43,38.000000,-71,,,,,,,,,,,,,,,,,,,
1:14:21 AM,16832,-704.000000,-1880.00,-65,77.000000,-92,,,,,,,,,,,,,,,,,,,
1:14:22 AM,16720,-780.000000,-1968.00,-96,177.000000,-97,,,,,,,,,,,,,,,,,,,
1:14:23 AM,16704,-716.000000,-1920.00,-31,194.000000,-83,,,,,,,,,,,,,,,,,,,
1:14:24 AM,16636,-720.000000,-1980.00,-57,122.000000,-68,,,,,,,,,,,,,,,,,,,
1:14:25 AM,16760,-660.000000,-2064.00,-86,163.000000,-94,,,,,,,,,,,,,,,,,,,
1:14:26 AM,16572,-712.000000,-1940.00,-57,17.000000,-87,,,,,,,,,,,,,,,,,,,
1:14:27 AM,16744,-792.000000,-2044.00,-93,145.000000,-94,,,,,,,,,,,,,,,,,,,
1:14:28 AM,16648,-808.000000,-2012.00,-47,97.000000,-104,,,,,,,,,,,,,,,,,,,
1:14:29 AM,16672,-744.000000,-2028.00,-82,159.000000,-112,,,,,,,,,,,,,,,,,,,
1:14:30 AM,16720,-676.000000,-2092.00,-51,107.000000,-65,,,,,,,,,,,,,,,,,,,
1:14:31 AM,16740,-728.000000,-1884.00,-41,179.000000,-105,,,,,,,,,,,,,,,,,,,
1:14:32 AM,16672,-716.000000,-1832.00,-84,49.000000,-77,,,,,,,,,,,,,,,,,,,
1:14:33 AM,16696,-684.000000,-1940.00,-39,70.000000,-99,,,,,,,,,,,,,,,,,,,
1:14:34 AM,16664,-792.000000,-2008.00,-94,157.000000,-108,,,,,,,,,,,,,,,,,,,
1:14:36 AM,16624,-768.000000,-1956.00,-85,209.000000,-78,,,,,,,,,,,,,,,,,,,
1:14:36 AM,16564,-728.000000,-1956.00,-38,170.000000,-93,,,,,,,,,,,,,,,,,,,
1:14:37 AM,16716,-700.000000,-2064.00,-41,42.000000,-96,,,,,,,,,,,,,,,,,,,
1:14:38 AM,16684,-720.000000,-1860.00,-75,55.000000,-60,,,,,,,,,,,,,,,,,,,
1:14:39 AM,16708,-756.000000,-1816.00,-50,104.000000,-77,,,,,,,,,,,,,,,,,,,
1:14:40 AM,16744,-728.000000,-1996.00,-29,109.000000,-71,,,,,,,,,,,,,,,,,,,
1:14:41 AM,16724,-716.000000,-1948.00,-57,214.000000,-95,,,,,,,,,,,,,,,,,,,
1:14:42 AM,16716,-752.000000,-1936.00,-35,170.000000,-77,,,,,,,,,,,,,,,,,,,
1:14:43 AM,16796,-632.000000,-2056.00,-81,96.000000,-96,,,,,,,,,,,,,,,,,,,
1:14:44 AM,16684,-748.000000,-1824.00,-60,57.000000,-98,,,,,,,,,,,,,,,,,,,
1:14:45 AM,16600,-736.000000,-1908.00,-86,103.000000,-84,,,,,,,,,,,,,,,,,,,
1:14:46 AM,16712,-740.000000,-1848.00,-42,86.000000,-60,,,,,,,,,,,,,,,,,,,
1:14:47 AM,16784,-780.000000,-1812.00,-35,141.000000,-90,,,,,,,,,,,,,,,,,,,
1:14:48 AM,16816,-776.000000,-2000.00,-55,72.000000,-88,,,,,,,,,,,,,,,,,,,
1:14:49 AM,16696,-720.000000,-2040.00,-42,138.000000,-84,,,,,,,,,,,,,,,,,,,
1:14:50 AM,16700,-712.000000,-2136.00,-76,131.000000,-97,,,,,,,,,,,,,,,,,,,
1:14:51 AM,16676,-756.000000,-2068.00,-35,92.000000,-70,,,,,,,,,,,,,,,,,,,
1:14:52 AM,16728,-768.000000,-2084.00,-71,63.000000,-88,,,,,,,,,,,,,,,,,,,
1:14:53 AM,16660,-792.000000,-2108.00,-7,141.000000,-80,,,,,,,,,,,,,,,,,,,
1:14:54 AM,16588,-784.000000,-1784.00,-51,73.000000,-102,,,,,,,,,,,,,,,,,,,
1:14:55 AM,16684,-784.000000,-2092.00,-60,162.000000,-81,,,,,,,,,,,,,,,,,,,
1:14:56 AM,16644,-772.000000,-2180.00,-115,131.000000,-92,,,,,,,,,,,,,,,,,,,
1:14:57 AM,16740,-792.000000,-1968.00,-23,133.000000,-83,,,,,,,,,,,,,,,,,,,
1:14:58 AM,16756,-756.000000,-1944.00,-53,97.000000,-79,,,,,,,,,,,,,,,,,,,
1:14:59 AM,16732,-736.000000,-2072.00,-48,55.000000,-87,,,,,,,,,,,,,,,,,,,
1:15:00 AM,16680,-844.000000,-1968.00,-62,46.000000,-77,,,,,,,,,,,,,,,,,,,
1:15:01 AM,16664,-880.000000,-1968.00,-63,40.000000,-95,,,,,,,,,,,,,,,,,,,
1:15:02 AM,16752,-792.000000,-1948.00,-55,70.000000,-74,,,,,,,,,,,,,,,,,,,
1:15:03 AM,16660,-688.000000,-2052.00,-76,112.000000,-80,,,,,,,,,,,,,,,,,,,
1:15:04 AM,16628,-700.000000,-1952.00,-67,183.000000,-77,,,,,,,,,,,,,,,,,,,
1:15:05 AM,16620,-724.000000,-1912.00,-60,70.000000,-94,,,,,,,,,,,,,,,,,,,
1:15:06 AM,16676,-800.000000,-1972.00,-99,84.000000,-103,,,,,,,,,,,,,,,,,,,
1:15:07 AM,16652,-792.000000,-1908.00,-22,44.000000,-83,,,,,,,,,,,,,,,,,,,
1:15:08 AM,16680,-752.000000,-1940.00,-36,39.000000,-53,,,,,,,,,,,,,,,,,,,
1:15:09 AM,16720,-760.000000,-1804.00,-39,55.000000,-66,,,,,,,,,,,,,,,,,,,
1:15:10 AM,16772,-808.000000,-1976.00,-57,165.000000,-80,,,,,,,,,,,,,,,,,,,
1:15:11 AM,16592,-744.000000,-1996.00,-31,119.000000,-65,,,,,,,,,,,,,,,,,,,
1:15:12 AM,16736,-704.000000,-1936.00,-86,177.000000,-66,,,,,,,,,,,,,,,,,,,
1:15:13 AM,16764,-772.000000,-1908.00,-50,52.000000,-103,,,,,,,,,,,,,,,,,,,
1:15:14 AM,16712,-808.000000,-1960.00,-72,51.000000,-98,,,,,,,,,,,,,,,,,,,
1:15:15 AM,16636,-728.000000,-1984.00,-51,64.000000,-105,,,,,,,,,,,,,,,,,,,
1:15:16 AM,16736,-748.000000,-1900.00,-79,57.000000,-100,,,,,,,,,,,,,,,,,,,
1:15:17 AM,16688,-684.000000,-1936.00,-25,88.000000,-88,,,,,,,,,,,,,,,,,,,
1:15:18 AM,16640,-792.000000,-1900.00,-56,45.000000,-96,,,,,,,,,,,,,,,,,,,
1:15:19 AM,16712,-788.000000,-1976.00,-97,114.000000,-67,,,,,,,,,,,,,,,,,,,
1:15:20 AM,16676,-756.000000,-2064.00,-30,162.000000,-82,,,,,,,,,,,,,,,,,,,
1:15:21 AM,16752,-744.000000,-2060.00,-71,170.000000,-84,,,,,,,,,,,,,,,,,,,
1:15:22 AM,16712,-800.000000,-1912.00,-49,65.000000,-80,,,,,,,,,,,,,,,,,,,
1:15:23 AM,16740,-748.000000,-1952.00,-60,53.000000,-74,,,,,,,,,,,,,,,,,,,
1:15:24 AM,16772,-716.000000,-1848.00,-43,132.000000,-99,,,,,,,,,,,,,,,,,,,
1:15:25 AM,16676,-788.000000,-1940.00,-60,49.000000,-69,,,,,,,,,,,,,,,,,,,
1:15:26 AM,16732,-724.000000,-1960.00,-47,163.000000,-84,,,,,,,,,,,,,,,,,,,
1:15:27 AM,16608,-724.000000,-1892.00,-44,73.000000,-81,,,,,,,,,,,,,,,,,,,
1:15:28 AM,16724,-752.000000,-2032.00,-35,157.000000,-84,,,,,,,,,,,,,,,,,,,
1:15:29 AM,16684,-764.000000,-1916.00,-86,65.000000,-78,,,,,,,,,,,,,,,,,,,
1:15:30 AM,16708,-780.000000,-1868.00,-91,156.000000,-83,,,,,,,,,,,,,,,,,,,
1:15:31 AM,16588,-788.000000,-1888.00,-74,129.000000,-97,,,,,,,,,,,,,,,,,,,
1:15:32 AM,16600,-704.000000,-1936.00,-47,53.000000,-80,,,,,,,,,,,,,,,,,,,
1:15:33 AM,16764,-688.000000,-1928.00,-82,58.000000,-112,,,,,,,,,,,,,,,,,,,
1:15:34 AM,16712,-712.000000,-1944.00,-37,74.000000,-78,,,,,,,,,,,,,,,,,,,
1:15:35 AM,16728,-800.000000,-1976.00,-32,159.000000,-58,,,,,,,,,,,,,,,,,,,
1:15:36 AM,16676,-816.000000,-2000.00,-91,148.000000,-115,,,,,,,,,,,,,,,,,,,
1:15:37 AM,16616,-720.000000,-2012.00,-32,123.000000,-69,,,,,,,,,,,,,,,,,,,
1:15:38 AM,16712,-776.000000,-1936.00,-85,71.000000,-110,,,,,,,,,,,,,,,,,,,
1:15:39 AM,16688,-700.000000,-1948.00,-63,52.000000,-92,,,,,,,,,,,,,,,,,,,
1:15:40 AM,16724,-708.000000,-1948.00,-91,118.000000,-105,,,,,,,,,,,,,,,,,,,
1:15:41 AM,16692,-828.000000,-2076.00,-70,108.000000,-83,,,,,,,,,,,,,,,,,,,
1:15:42 AM,16596,-712.000000,-1956.00,-47,118.000000,-87,,,,,,,,,,,,,,,,,,,
1:15:43 AM,16692,-660.000000,-1908.00,-88,122.000000,-110,,,,,,,,,,,,,,,,,,,
1:15:44 AM,16576,-776.000000,-1940.00,-81,75.000000,-98,,,,,,,,,,,,,,,,,,,
1:15:45 AM,16724,-712.000000,-1908.00,-64,164.000000,-73,,,,,,,,,,,,,,,,,,,
1:15:46 AM,16676,-656.000000,-2104.00,-70,42.000000,-76,,,,,,,,,,,,,,,,,,,
1:15:47 AM,16728,-712.000000,-1968.00,-6,130.000000,-107,,,,,,,,,,,,,,,,,,,
1:15:48 AM,16752,-684.000000,-1996.00,-90,112.000000,-100,,,,,,,,,,,,,,,,,,,
1:15:49 AM,16672,-848.000000,-2032.00,-55,69.000000,-79,,,,,,,,,,,,,,,,,,,
1:15:50 AM,16680,-748.000000,-2052.00,-37,139.000000,-67,,,,,,,,,,,,,,,,,,,
1:15:51 AM,16700,-812.000000,-1968.00,-53,171.000000,-71,,,,,,,,,,,,,,,,,,,
1:15:52 AM,16748,-672.000000,-1960.00,-77,145.000000,-111,,,,,,,,,,,,,,,,,,,
1:15:53 AM,16640,-704.000000,-1912.00,-57,73.000000,-91,,,,,,,,,,,,,,,,,,,
1:15:54 AM,16708,-748.000000,-1944.00,-78,70.000000,-113,,,,,,,,,,,,,,,,,,,
1:15:55 AM,16676,-820.000000,-2076.00,-74,48.000000,-87,,,,,,,,,,,,,,,,,,,
1:15:56 AM,16712,-688.000000,-1828.00,-54,31.000000,-70,,,,,,,,,,,,,,,,,,,
1:15:57 AM,16772,-664.000000,-1920.00,-37,57.000000,-79,,,,,,,,,,,,,,,,,,,
1:15:58 AM,16684,-808.000000,-1824.00,-78,157.000000,-91,,,,,,,,,,,,,,,,,,,
1:15:59 AM,16772,-716.000000,-1952.00,-70,61.000000,-71,,,,,,,,,,,,,,,,,,,
1:16:00 AM,16732,-704.000000,-1884.00,-86,92.000000,-102,,,,,,,,,,,,,,,,,,,
1:16:01 AM,16792,-708.000000,-1960.00,-45,67.000000,-84,,,,,,,,,,,,,,,,,,,
1:16:02 AM,16736,-728.000000,-1944.00,-66,175.000000,-92,,,,,,,,,,,,,,,,,,,
1:16:03 AM,16676,-780.000000,-2100.00,-60,58.000000,-110,,,,,,,,,,,,,,,,,,,
1:16:04 AM,16700,-756.000000,-1848.00,-86,142.000000,-129,,,,,,,,,,,,,,,,,,,
1:16:05 AM,16780,-748.000000,-1800.00,-43,106.000000,-78,,,,,,,,,,,,,,,,,,,
1:16:06 AM,16712,-732.000000,-1884.00,-93,173.000000,-83,,,,,,,,,,,,,,,,,,,
1:16:07 AM,16728,-764.000000,-1960.00,-18,181.000000,-62,,,,,,,,,,,,,,,,,,,
1:16:08 AM,16668,-756.000000,-1780.00,-42,160.000000,-88,,,,,,,,,,,,,,,,,,,
1:16:09 AM,16656,-708.000000,-1900.00,-38,124.000000,-93,,,,,,,,,,,,,,,,,,,
1:16:10 AM,16724,-720.000000,-2108.00,-27,152.000000,-80,,,,,,,,,,,,,,,,,,,
1:16:11 AM,16576,-764.000000,-1944.00,-57,155.000000,-82,,,,,,,,,,,,,,,,,,,
1:16:12 AM,16680,-812.000000,-1972.00,-60,179.000000,-89,,,,,,,,,,,,,,,,,,,
1:16:13 AM,16752,-700.000000,-2128.00,-81,62.000000,-94,,,,,,,,,,,,,,,,,,,
1:16:14 AM,16660,-728.000000,-1860.00,-81,62.000000,-82,,,,,,,,,,,,,,,,,,,
1:16:15 AM,16660,-880.000000,-1980.00,-43,129.000000,-86,,,,,,,,,,,,,,,,,,,
1:16:16 AM,16704,-792.000000,-1936.00,-58,185.000000,-96,,,,,,,,,,,,,,,,,,,
1:16:17 AM,16664,-660.000000,-2008.00,-56,185.000000,-67,,,,,,,,,,,,,,,,,,,
1:16:18 AM,16684,-732.000000,-2016.00,-16,153.000000,-91,,,,,,,,,,,,,,,,,,,
1:16:19 AM,16640,-748.000000,-1900.00,-42,137.000000,-93,,,,,,,,,,,,,,,,,,,
1:16:20 AM,16632,-696.000000,-1888.00,-54,175.000000,-74,,,,,,,,,,,,,,,,,,,
1:16:21 AM,16740,-768.000000,-2116.00,-86,142.000000,-91,,,,,,,,,,,,,,,,,,,
1:16:22 AM,16856,-672.000000,-1992.00,-65,53.000000,-78,,,,,,,,,,,,,,,,,,,
1:16:23 AM,16700,-792.000000,-2020.00,-27,147.000000,-72,,,,,,,,,,,,,,,,,,,
1:16:24 AM,16868,-756.000000,-2012.00,-97,99.000000,-83,,,,,,,,,,,,,,,,,,,
1:16:25 AM,16700,-752.000000,-2120.00,-40,122.000000,-78,,,,,,,,,,,,,,,,,,,
1:16:26 AM,16820,-828.000000,-2084.00,-42,132.000000,-62,,,,,,,,,,,,,,,,,,,
1:16:27 AM,16752,-720.000000,-1892.00,-59,53.000000,-85,,,,,,,,,,,,,,,,,,,
1:16:28 AM,16752,-712.000000,-1908.00,-61,35.000000,-76,,,,,,,,,,,,,,,,,,,
1:16:29 AM,16716,-644.000000,-1960.00,-40,187.000000,-95,,,,,,,,,,,,,,,,,,,
1:16:30 AM,16652,-720.000000,-1904.00,-64,206.000000,-97,,,,,,,,,,,,,,,,,,,
1:16:31 AM,16736,-712.000000,-1952.00,-88,168.000000,-104,,,,,,,,,,,,,,,,,,,
1:16:32 AM,16672,-700.000000,-1944.00,-79,29.000000,-98,,,,,,,,,,,,,,,,,,,
1:16:33 AM,16668,-828.000000,-2000.00,-59,72.000000,-91,,,,,,,,,,,,,,,,,,,
1:16:34 AM,16764,-772.000000,-1900.00,-34,104.000000,-90,,,,,,,,,,,,,,,,,,,
1:16:35 AM,16636,-768.000000,-1944.00,-50,67.000000,-97,,,,,,,,,,,,,,,,,,,
1:16:36 AM,16768,-708.000000,-2092.00,-70,145.000000,-101,,,,,,,,,,,,,,,,,,,
1:16:37 AM,16644,-696.000000,-2112.00,-70,55.000000,-110,,,,,,,,,,,,,,,,,,,
1:16:38 AM,16664,-768.000000,-2128.00,-68,150.000000,-108,,,,,,,,,,,,,,,,,,,
1:16:39 AM,16688,-796.000000,-1872.00,-77,154.000000,-67,,,,,,,,,,,,,,,,,,,
1:16:40 AM,16656,-756.000000,-1976.00,-42,179.000000,-82,,,,,,,,,,,,,,,,,,,
1:16:41 AM,16584,-764.000000,-1884.00,-32,173.000000,-82,,,,,,,,,,,,,,,,,,,
1:16:42 AM,16728,-720.000000,-1996.00,-20,126.000000,-107,,,,,,,,,,,,,,,,,,,
1:16:43 AM,16708,-728.000000,-1872.00,-82,130.000000,-93,,,,,,,,,,,,,,,,,,,
1:16:44 AM,16788,-756.000000,-1924.00,-61,194.000000,-61,,,,,,,,,,,,,,,,,,,
1:16:45 AM,16768,-676.000000,-2020.00,-42,91.000000,-92,,,,,,,,,,,,,,,,,,,
1:16:46 AM,16600,-776.000000,-1972.00,-37,90.000000,-105,,,,,,,,,,,,,,,,,,,
1:16:47 AM,16616,-736.000000,-2008.00,-34,127.000000,-76,,,,,,,,,,,,,,,,,,,
1:16:48 AM,16624,-652.000000,-2032.00,-76,74.000000,-84,,,,,,,,,,,,,,,,,,,
1:16:49 AM,16696,-760.000000,-1916.00,-38,127.000000,-67,,,,,,,,,,,,,,,,,,,
1:16:50 AM,16708,-784.000000,-1984.00,-55,63.000000,-98,,,,,,,,,,,,,,,,,,,
1:16:51 AM,16740,-852.000000,-1884.00,-42,148.000000,-69,,,,,,,,,,,,,,,,,,,
1:16:52 AM,16760,-708.000000,-2068.00,-76,186.000000,-89,,,,,,,,,,,,,,,,,,,
1:16:53 AM,16784,-688.000000,-1820.00,-71,58.000000,-84,,,,,,,,,,,,,,,,,,,
1:16:54 AM,16624,-656.000000,-1892.00,-79,160.000000,-77,,,,,,,,,,,,,,,,,,,
1:16:55 AM,16632,-860.000000,-1828.00,-67,40.000000,-95,,,,,,,,,,,,,,,,,,,
1:16:56 AM,16792,-736.000000,-2016.00,-29,160.000000,-67,,,,,,,,,,,,,,,,,,,
1:16:57 AM,16720,-736.000000,-1920.00,-31,158.000000,-73,,,,,,,,,,,,,,,,,,,
1:16:58 AM,16720,-700.000000,-1992.00,-82,63.000000,-93,,,,,,,,,,,,,,,,,,,
1:16:59 AM,16688,-728.000000,-1932.00,-58,51.000000,-91,,,,,,,,,,,,,,,,,,,
1:17:00 AM,16688,-728.000000,-2028.00,-58,56.000000,-77,,,,,,,,,,,,,,,,,,,
1:17:01 AM,16676,-676.000000,-2036.00,-24,147.000000,-83,,,,,,,,,,,,,,,,,,,
1:17:02 AM,16664,-756.000000,-1940.00,-43,161.000000,-97,,,,,,,,,,,,,,,,,,,
1:17:03 AM,16724,-676.000000,-1928.00,-85,168.000000,-90,,,,,,,,,,,,,,,,,,,
1:17:04 AM,16728,-788.000000,-1908.00,-77,83.000000,-79,,,,,,,,,,,,,,,,,,,
1:17:05 AM,16748,-676.000000,-2176.00,-51,61.000000,-81,,,,,,,,,,,,,,,,,,,
1:17:06 AM,16720,-792.000000,-1884.00,-46,141.000000,-77,,,,,,,,,,,,,,,,,,,
1:17:07 AM,16692,-768.000000,-1996.00,-88,119.000000,-88,,,,,,,,,,,,,,,,,,,
1:17:08 AM,16684,-768.000000,-1960.00,-74,41.000000,-95,,,,,,,,,,,,,,,,,,,
1:17:09 AM,16636,-724.000000,-1976.00,-78,49.000000,-88,,,,,,,,,,,,,,,,,,,
1:17:10 AM,16660,-728.000000,-1928.00,-32,81.000000,-65,,,,,,,,,,,,,,,,,,,
1:17:11 AM,16768,-668.000000,-1984.00,-50,42.000000,-78,,,,,,,,,,,,,,,,,,,
1:17:12 AM,16680,-784.000000,-1996.00,-74,196.000000,-81,,,,,,,,,,,,,,,,,,,
1:17:13 AM,16776,-708.000000,-2048.00,-37,98.000000,-79,,,,,,,,,,,,,,,,,,,
1:17:14 AM,16728,-752.000000,-1968.00,-75,153.000000,-86,,,,,,,,,,,,,,,,,,,
1:17:15 AM,16712,-748.000000,-1944.00,-67,191.000000,-98,,,,,,,,,,,,,,,,,,,
1:17:16 AM,16648,-748.000000,-1816.00,-95,161.000000,-63,,,,,,,,,,,,,,,,,,,
1:17:17 AM,16708,-720.000000,-1992.00,-64,47.000000,-80,,,,,,,,,,,,,,,,,,,
1:17:18 AM,16700,-780.000000,-1820.00,-42,49.000000,-116,,,,,,,,,,,,,,,,,,,
1:17:19 AM,16752,-660.000000,-2092.00,-85,74.000000,-73,,,,,,,,,,,,,,,,,,,
1:17:20 AM,16640,-796.000000,-1948.00,-92,150.000000,-101,,,,,,,,,,,,,,,,,,,
1:17:21 AM,16740,-752.000000,-1824.00,-75,54.000000,-100,,,,,,,,,,,,,,,,,,,
1:17:22 AM,16676,-732.000000,-1852.00,-89,112.000000,-115,,,,,,,,,,,,,,,,,,,
1:17:23 AM,16632,-724.000000,-1840.00,-50,78.000000,-87,,,,,,,,,,,,,,,,,,,
1:17:24 AM,16744,-824.000000,-1964.00,-65,78.000000,-87,,,,,,,,,,,,,,,,,,,
1:17:25 AM,16756,-824.000000,-1848.00,-35,89.000000,-93,,,,,,,,,,,,,,,,,,,
1:17:26 AM,16740,-652.000000,-1944.00,-81,104.000000,-99,,,,,,,,,,,,,,,,,,,
1:17:27 AM,16692,-748.000000,-1908.00,-62,53.000000,-78,,,,,,,,,,,,,,,,,,,
1:17:28 AM,16628,-708.000000,-1924.00,-51,166.000000,-69,,,,,,,,,,,,,,,,,,,
1:17:29 AM,16772,-748.000000,-1860.00,-58,38.000000,-95,,,,,,,,,,,,,,,,,,,
1:17:30 AM,16596,-632.000000,-1816.00,-98,93.000000,-87,,,,,,,,,,,,,,,,,,,
1:17:31 AM,16716,-700.000000,-2024.00,-92,110.000000,-86,,,,,,,,,,,,,,,,,,,
1:17:32 AM,16628,-804.000000,-1952.00,-97,76.000000,-110,,,,,,,,,,,,,,,,,,,
1:17:33 AM,16708,-776.000000,-1796.00,-60,100.000000,-94,,,,,,,,,,,,,,,,,,,
1:17:34 AM,16644,-736.000000,-2012.00,-65,151.000000,-78,,,,,,,,,,,,,,,,,,,
1:17:35 AM,16752,-780.000000,-1932.00,-66,53.000000,-122,,,,,,,,,,,,,,,,,,,
1:17:36 AM,16648,-796.000000,-1924.00,-13,100.000000,-76,,,,,,,,,,,,,,,,,,,
1:17:37 AM,16720,-804.000000,-1988.00,-53,140.000000,-80,,,,,,,,,,,,,,,,,,,
1:17:38 AM,16652,-780.000000,-1804.00,-57,56.000000,-60,,,,,,,,,,,,,,,,,,,
1:17:39 AM,16764,-764.000000,-1840.00,-18,149.000000,-85,,,,,,,,,,,,,,,,,,,
1:17:40 AM,16700,-732.000000,-1892.00,-88,111.000000,-69,,,,,,,,,,,,,,,,,,,
1:17:41 AM,16624,-736.000000,-1956.00,-90,85.000000,-73,,,,,,,,,,,,,,,,,,,
1:17:42 AM,16732,-656.000000,-1856.00,-67,200.000000,-73,,,,,,,,,,,,,,,,,,,
1:17:43 AM,16720,-756.000000,-2020.00,-70,95.000000,-118,,,,,,,,,,,,,,,,,,,
1:17:44 AM,16724,-684.000000,-1816.00,-58,34.000000,-98,,,,,,,,,,,,,,,,,,,
1:17:45 AM,16776,-664.000000,-1980.00,-32,96.000000,-91,,,,,,,,,,,,,,,,,,,
1:17:46 AM,16572,-640.000000,-1948.00,-72,186.000000,-76,,,,,,,,,,,,,,,,,,,
1:17:47 AM,16664,-804.000000,-1860.00,-95,151.000000,-90,,,,,,,,,,,,,,,,,,,
1:17:48 AM,16700,-600.000000,-1928.00,-34,137.000000,-66,,,,,,,,,,,,,,,,,,,
1:17:49 AM,16652,-776.000000,-1892.00,-91,99.000000,-97,,,,,,,,,,,,,,,,,,,
1:17:50 AM,16772,-640.000000,-1972.00,-25,124.000000,-89,,,,,,,,,,,,,,,,,,,
1:17:51 AM,16644,-784.000000,-1952.00,-32,172.000000,-85,,,,,,,,,,,,,,,,,,,
1:17:52 AM,16760,-684.000000,-2032.00,-87,169.000000,-85,,,,,,,,,,,,,,,,,,,
1:17:53 AM,16712,-692.000000,-1836.00,-33,78.000000,-70,,,,,,,,,,,,,,,,,,,
1:17:54 AM,16748,-732.000000,-2016.00,-38,58.000000,-90,,,,,,,,,,,,,,,,,,,
1:17:55 AM,16636,-684.000000,-1896.00,-22,179.000000,-59,,,,,,,,,,,,,,,,,,,
1:17:56 AM,16692,-756.000000,-1980.00,-86,193.000000,-87,,,,,,,,,,,,,,,,,,,
1:17:57 AM,16700,-772.000000,-1876.00,-38,182.000000,-86,,,,,,,,,,,,,,,,,,,
1:17:58 AM,16756,-756.000000,-1776.00,-93,157.000000,-86,,,,,,,,,,,,,,,,,,,
1:17:59 AM,16656,-768.000000,-1988.00,-29,147.000000,-66,,,,,,,,,,,,,,,,,,,
1:18:00 AM,16816,-832.000000,-1916.00,-55,101.000000,-91,,,,,,,,,,,,,,,,,,,
1:18:01 AM,16664,-688.000000,-1904.00,-30,132.000000,-71,,,,,,,,,,,,,,,,,,,
1:18:02 AM,16620,-752.000000,-2000.00,-17,140.000000,-92,,,,,,,,,,,,,,,,,,,
1:18:03 AM,16732,-852.000000,-1992.00,-35,112.000000,-98,,,,,,,,,,,,,,,,,,,
1:18:04 AM,16676,-724.000000,-2012.00,-33,41.000000,-83,,,,,,,,,,,,,,,,,,,
1:18:05 AM,16608,-756.000000,-1904.00,-43,157.000000,-80,,,,,,,,,,,,,,,,,,,
1:18:06 AM,16772,-744.000000,-1936.00,-79,123.000000,-94,,,,,,,,,,,,,,,,,,,
1:18:07 AM,16676,-808.000000,-1996.00,-23,133.000000,-111,,,,,,,,,,,,,,,,,,,
1:18:08 AM,16660,-672.000000,-1820.00,-76,50.000000,-87,,,,,,,,,,,,,,,,,,,
1:18:09 AM,16760,-696.000000,-1852.00,-58,25.000000,-75,,,,,,,,,,,,,,,,,,,
1:18:10 AM,16784,-792.000000,-2008.00,-96,101.000000,-93,,,,,,,,,,,,,,,,,,,
1:18:11 AM,16816,-660.000000,-1960.00,-92,50.000000,-112,,,,,,,,,,,,,,,,,,,
1:18:12 AM,16624,-696.000000,-1968.00,-34,122.000000,-74,,,,,,,,,,,,,,,,,,,
1:18:13 AM,16804,-636.000000,-2000.00,-33,89.000000,-57,,,,,,,,,,,,,,,,,,,
1:18:14 AM,16668,-876.000000,-1936.00,-75,163.000000,-91,,,,,,,,,,,,,,,,,,,
1:18:15 AM,16688,-772.000000,-1816.00,-51,58.000000,-80,,,,,,,,,,,,,,,,,,,
1:18:16 AM,16624,-828.000000,-1940.00,-67,98.000000,-92,,,,,,,,,,,,,,,,,,,
1:18:17 AM,16744,-684.000000,-1832.00,-61,164.000000,-70,,,,,,,,,,,,,,,,,,,
1:18:18 AM,16736,-740.000000,-2036.00,-80,182.000000,-82,,,,,,,,,,,,,,,,,,,
1:18:19 AM,16724,-776.000000,-1976.00,-35,114.000000,-67,,,,,,,,,,,,,,,,,,,
1:18:20 AM,16740,-684.000000,-1968.00,-64,60.000000,-98,,,,,,,,,,,,,,,,,,,
1:18:21 AM,16720,-740.000000,-2040.00,-83,47.000000,-83,,,,,,,,,,,,,,,,,,,
1:18:22 AM,16664,-864.000000,-1992.00,-81,90.000000,-69,,,,,,,,,,,,,,,,,,,
1:18:23 AM,16812,-776.000000,-1888.00,-85,106.000000,-81,,,,,,,,,,,,,,,,,,,
1:18:24 AM,16676,-716.000000,-1788.00,-39,178.000000,-67,,,,,,,,,,,,,,,,,,,
1:18:25 AM,16680,-764.000000,-2000.00,-45,180.000000,-100,,,,,,,,,,,,,,,,,,,
1:18:26 AM,16688,-684.000000,-2120.00,-46,128.000000,-84,,,,,,,,,,,,,,,,,,,
1:18:27 AM,16684,-656.000000,-1836.00,-69,79.000000,-82,,,,,,,,,,,,,,,,,,,
1:18:28 AM,16704,-724.000000,-1852.00,-74,60.000000,-100,,,,,,,,,,,,,,,,,,,
1:18:29 AM,16752,-724.000000,-1696.00,-49,188.000000,-81,,,,,,,,,,,,,,,,,,,
1:18:30 AM,16708,-840.000000,-1908.00,-23,77.000000,-85,,,,,,,,,,,,,,,,,,,
1:18:31 AM,16760,-720.000000,-1880.00,-45,142.000000,-103,,,,,,,,,,,,,,,,,,,
1:18:32 AM,16708,-772.000000,-1928.00,-45,73.000000,-68,,,,,,,,,,,,,,,,,,,
1:18:33 AM,16700,-660.000000,-1964.00,-7,126.000000,-84,,,,,,,,,,,,,,,,,,,
1:18:34 AM,16648,-692.000000,-1948.00,-60,68.000000,-104,,,,,,,,,,,,,,,,,,,
1:18:35 AM,16684,-672.000000,-1916.00,-104,99.000000,-80,,,,,,,,,,,,,,,,,,,
1:18:36 AM,16692,-792.000000,-1908.00,-74,166.000000,-95,,,,,,,,,,,,,,,,,,,
1:18:37 AM,16664,-752.000000,-2032.00,-80,64.000000,-88,,,,,,,,,,,,,,,,,,,
1:18:38 AM,16708,-804.000000,-1884.00,-56,183.000000,-92,,,,,,,,,,,,,,,,,,,
1:18:39 AM,16784,-712.000000,-1948.00,-82,191.000000,-102,,,,,,,,,,,,,,,,,,,
1:18:40 AM,16660,-660.000000,-1952.00,-40,103.000000,-68,,,,,,,,,,,,,,,,,,,
1:18:41 AM,16740,-748.000000,-2004.00,-47,183.000000,-102,,,,,,,,,,,,,,,,,,,
1:18:42 AM,16556,-672.000000,-1980.00,-54,48.000000,-79,,,,,,,,,,,,,,,,,,,
1:18:43 AM,16700,-744.000000,-1920.00,-91,151.000000,-111,,,,,,,,,,,,,,,,,,,
1:18:44 AM,16676,-768.000000,-1916.00,-79,103.000000,-84,,,,,,,,,,,,,,,,,,,
1:18:45 AM,16756,-612.000000,-2048.00,-69,44.000000,-103,,,,,,,,,,,,,,,,,,,
1:18:46 AM,16708,-744.000000,-2016.00,-62,55.000000,-70,,,,,,,,,,,,,,,,,,,
1:18:47 AM,16708,-724.000000,-2000.00,-83,117.000000,-56,,,,,,,,,,,,,,,,,,,
1:18:48 AM,16788,-796.000000,-1952.00,-60,172.000000,-84,,,,,,,,,,,,,,,,,,,
1:18:49 AM,16792,-720.000000,-1824.00,-78,180.000000,-72,,,,,,,,,,,,,,,,,,,
1:18:50 AM,16788,-744.000000,-2000.00,-78,172.000000,-90,,,,,,,,,,,,,,,,,,,
1:18:51 AM,16672,-736.000000,-2060.00,-61,52.000000,-88,,,,,,,,,,,,,,,,,,,
1:18:52 AM,16668,-696.000000,-2004.00,-96,94.000000,-113,,,,,,,,,,,,,,,,,,,
1:18:53 AM,16788,-716.000000,-1936.00,-79,76.000000,-78,,,,,,,,,,,,,,,,,,,
1:18:54 AM,16688,-664.000000,-1924.00,-48,176.000000,-65,,,,,,,,,,,,,,,,,,,
1:18:55 AM,16676,-644.000000,-1868.00,-79,160.000000,-86,,,,,,,,,,,,,,,,,,,
1:18:56 AM,16608,-676.000000,-1692.00,-65,164.000000,-62,,,,,,,,,,,,,,,,,,,
1:18:57 AM,16620,-744.000000,-1908.00,-31,164.000000,-90,,,,,,,,,,,,,,,,,,,
1:18:58 AM,16796,-764.000000,-1816.00,-75,69.000000,-88,,,,,,,,,,,,,,,,,,,
1:19:00 AM,16712,-756.000000,-2032.00,-84,112.000000,-77,,,,,,,,,,,,,,,,,,,
1:19:01 AM,16756,-736.000000,-1904.00,-31,85.000000,-90,,,,,,,,,,,,,,,,,,,
1:19:02 AM,16708,-668.000000,-1796.00,-78,122.000000,-128,,,,,,,,,,,,,,,,,,,
1:19:03 AM,16700,-756.000000,-1828.00,-22,160.000000,-72,,,,,,,,,,,,,,,,,,,
1:19:04 AM,16684,-756.000000,-2044.00,-56,59.000000,-85,,,,,,,,,,,,,,,,,,,
1:19:05 AM,16704,-728.000000,-2012.00,-62,43.000000,-98,,,,,,,,,,,,,,,,,,,
1:19:06 AM,16636,-736.000000,-2088.00,-65,46.000000,-101,,,,,,,,,,,,,,,,,,,
1:19:07 AM,16740,-688.000000,-1892.00,-46,154.000000,-68,,,,,,,,,,,,,,,,,,,
1:19:08 AM,16748,-716.000000,-1884.00,-41,74.000000,-85,,,,,,,,,,,,,,,,,,,
1:19:09 AM,16680,-712.000000,-1952.00,-70,167.000000,-73,,,,,,,,,,,,,,,,,,,
1:19:10 AM,16748,-696.000000,-1920.00,-49,102.000000,-78,,,,,,,,,,,,,,,,,,,
1:19:11 AM,16692,-728.000000,-1924.00,-87,110.000000,-91,,,,,,,,,,,,,,,,,,,
1:19:12 AM,16764,-712.000000,-2036.00,-66,93.000000,-71,,,,,,,,,,,,,,,,,,,
1:19:13 AM,16720,-744.000000,-1968.00,-82,128.000000,-102,,,,,,,,,,,,,,,,,,,
1:19:14 AM,16800,-748.000000,-1876.00,-45,175.000000,-90,,,,,,,,,,,,,,,,,,,
1:19:15 AM,16752,-744.000000,-2020.00,-60,66.000000,-71,,,,,,,,,,,,,,,,,,,
1:19:16 AM,16708,-688.000000,-1880.00,-66,54.000000,-84,,,,,,,,,,,,,,,,,,,
1:19:17 AM,16712,-744.000000,-1836.00,-46,145.000000,-99,,,,,,,,,,,,,,,,,,,
1:19:18 AM,16668,-752.000000,-1852.00,-83,64.000000,-95,,,,,,,,,,,,,,,,,,,
1:19:19 AM,16728,-724.000000,-1908.00,-61,123.000000,-100,,,,,,,,,,,,,,,,,,,
1:19:20 AM,16772,-744.000000,-1904.00,-40,155.000000,-70,,,,,,,,,,,,,,,,,,,
1:19:21 AM,16684,-792.000000,-1840.00,-66,62.000000,-88,,,,,,,,,,,,,,,,,,,
1:19:22 AM,16580,-744.000000,-1932.00,-54,61.000000,-88,,,,,,,,,,,,,,,,,,,
1:19:23 AM,16708,-736.000000,-1792.00,-68,42.000000,-100,,,,,,,,,,,,,,,,,,,
1:19:24 AM,16592,-740.000000,-1968.00,-73,82.000000,-89,,,,,,,,,,,,,,,,,,,
1:19:25 AM,16696,-688.000000,-2072.00,-34,125.000000,-85,,,,,,,,,,,,,,,,,,,
1:19:26 AM,16684,-692.000000,-1984.00,-51,96.000000,-56,,,,,,,,,,,,,,,,,,,
1:19:27 AM,16676,-764.000000,-1880.00,-48,132.000000,-78,,,,,,,,,,,,,,,,,,,
1:19:28 AM,16776,-692.000000,-1924.00,-21,136.000000,-54,,,,,,,,,,,,,,,,,,,
1:19:29 AM,16728,-712.000000,-2120.00,-41,180.000000,-62,,,,,,,,,,,,,,,,,,,
1:19:30 AM,16728,-664.000000,-1996.00,-75,183.000000,-73,,,,,,,,,,,,,,,,,,,
1:19:31 AM,16652,-756.000000,-2112.00,-36,137.000000,-88,,,,,,,,,,,,,,,,,,,
1:19:32 AM,16720,-740.000000,-1868.00,-65,68.000000,-90,,,,,,,,,,,,,,,,,,,
1:19:33 AM,16728,-776.000000,-1972.00,-53,206.000000,-85,,,,,,,,,,,,,,,,,,,
1:19:34 AM,16776,-664.000000,-1816.00,-89,143.000000,-77,,,,,,,,,,,,,,,,,,,
1:19:35 AM,16684,-640.000000,-1904.00,-78,190.000000,-85,,,,,,,,,,,,,,,,,,,
1:19:36 AM,16704,-752.000000,-1976.00,-59,60.000000,-91,,,,,,,,,,,,,,,,,,,
1:19:37 AM,16696,-828.000000,-1896.00,-82,175.000000,-97,,,,,,,,,,,,,,,,,,,
1:19:38 AM,16608,-856.000000,-1908.00,-31,78.000000,-104,,,,,,,,,,,,,,,,,,,
1:19:39 AM,16668,-780.000000,-1952.00,-47,96.000000,-73,,,,,,,,,,,,,,,,,,,
1:19:40 AM,16772,-656.000000,-1920.00,-80,60.000000,-85,,,,,,,,,,,,,,,,,,,
1:19:41 AM,16576,-676.000000,-1872.00,-36,180.000000,-80,,,,,,,,,,,,,,,,,,,
1:19:42 AM,16592,-760.000000,-1848.00,-64,67.000000,-85,,,,,,,,,,,,,,,,,,,
1:19:43 AM,16620,-860.000000,-2012.00,-54,57.000000,-81,,,,,,,,,,,,,,,,,,,
1:19:44 AM,16620,-724.000000,-1908.00,-30,157.000000,-46,,,,,,,,,,,,,,,,,,,
1:19:45 AM,16644,-708.000000,-1804.00,-83,161.000000,-89,,,,,,,,,,,,,,,,,,,
1:19:46 AM,16696,-788.000000,-1996.00,-66,45.000000,-65,,,,,,,,,,,,,,,,,,,
1:19:47 AM,16740,-696.000000,-1888.00,-104,132.000000,-90,,,,,,,,,,,,,,,,,,,
1:19:48 AM,16696,-848.000000,-2040.00,-36,112.000000,-87,,,,,,,,,,,,,,,,,,,
1:19:49 AM,16696,-756.000000,-1956.00,-6,145.000000,-76,,,,,,,,,,,,,,,,,,,
1:19:50 AM,16672,-656.000000,-1820.00,-27,137.000000,-56,,,,,,,,,,,,,,,,,,,
1:19:51 AM,16704,-712.000000,-1868.00,-49,86.000000,-58,,,,,,,,,,,,,,,,,,,
1:19:52 AM,16764,-708.000000,-1928.00,-72,56.000000,-102,,,,,,,,,,,,,,,,,,,
1:19:53 AM,16692,-700.000000,-1856.00,-89,107.000000,-89,,,,,,,,,,,,,,,,,,,
1:19:54 AM,16588,-660.000000,-1984.00,-22,121.000000,-71,,,,,,,,,,,,,,,,,,,
1:19:55 AM,16716,-744.000000,-1904.00,-46,79.000000,-77,,,,,,,,,,,,,,,,,,,
1:19:56 AM,16728,-716.000000,-2064.00,-91,129.000000,-67,,,,,,,,,,,,,,,,,,,
1:20:27 AM,16644,-780.000000,-1924.00,-81,155.000000,-101,,,,,,,,,,,,,,,,,,,
1:20:28 AM,16632,-776.000000,-1780.00,-50,102.000000,-69,,,,,,,,,,,,,,,,,,,
